Tue Mar 29 12:32:50 2022,1,1655,30812
Tue Mar 29 12:32:52 2022,2,1655,30812
Tue Mar 29 12:32:54 2022,3,1655,30812
Tue Mar 29 12:32:56 2022,4,1653,30812
Tue Mar 29 12:32:58 2022,5,1653,30812
Tue Mar 29 12:32:59 2022,6,1654,30812
Tue Mar 29 12:33:01 2022,7,1654,30812
Tue Mar 29 12:33:03 2022,8,1655,30812
Tue Mar 29 12:33:05 2022,9,1654,30812
Tue Mar 29 12:33:07 2022,10,1654,30812
Tue Mar 29 12:33:08 2022,11,1654,30812
Tue Mar 29 12:33:10 2022,12,1654,30812
Tue Mar 29 12:33:12 2022,13,1656,30812
Tue Mar 29 12:33:14 2022,14,1653,30812
Tue Mar 29 12:33:16 2022,15,1654,30812
Tue Mar 29 12:33:18 2022,16,1655,30812
Tue Mar 29 12:33:19 2022,17,1652,30875
Tue Mar 29 12:33:21 2022,18,1656,30812
Tue Mar 29 12:33:23 2022,19,1655,30875
Tue Mar 29 12:33:25 2022,20,1653,30812
Tue Mar 29 12:33:27 2022,21,1653,30875
Tue Mar 29 12:33:29 2022,22,1652,30812
Tue Mar 29 12:33:30 2022,23,1655,30812
Tue Mar 29 12:33:32 2022,24,1655,30812
Tue Mar 29 12:33:34 2022,25,1655,30812
Tue Mar 29 12:33:36 2022,26,1653,30812
Tue Mar 29 12:33:38 2022,27,1657,30812
Tue Mar 29 12:33:40 2022,28,1653,30750
Tue Mar 29 12:33:41 2022,29,1656,30812
Tue Mar 29 12:33:43 2022,30,1824,30812
Tue Mar 29 12:33:45 2022,31,1654,30812
Tue Mar 29 12:33:47 2022,32,1658,30875
Tue Mar 29 12:33:49 2022,33,1671,30812
Tue Mar 29 12:33:50 2022,34,1648,30812
Tue Mar 29 12:33:52 2022,35,1656,30750
Tue Mar 29 12:33:54 2022,36,1654,30812
Tue Mar 29 12:33:56 2022,37,1652,30750
Tue Mar 29 12:33:58 2022,38,1653,30812
Tue Mar 29 12:34:00 2022,39,1655,30875
Tue Mar 29 12:34:01 2022,40,1653,30875
Tue Mar 29 12:34:03 2022,41,1655,30875
Tue Mar 29 12:34:05 2022,42,1655,30875
Tue Mar 29 12:34:07 2022,43,1655,30875
Tue Mar 29 12:34:09 2022,44,1655,30875
Tue Mar 29 12:34:11 2022,45,1655,30875
Tue Mar 29 12:34:12 2022,46,1656,30875
Tue Mar 29 12:34:14 2022,47,1653,30875
Tue Mar 29 12:34:16 2022,48,1654,30875
Tue Mar 29 12:34:18 2022,49,1654,30875
Tue Mar 29 12:34:20 2022,50,1653,30875
Tue Mar 29 12:34:21 2022,51,1654,30875
Tue Mar 29 12:34:23 2022,52,1655,30875
Tue Mar 29 12:34:25 2022,53,1652,30875
Tue Mar 29 12:34:27 2022,54,1656,30875
Tue Mar 29 12:34:29 2022,55,1653,30875
Tue Mar 29 12:34:31 2022,56,1654,30875
Tue Mar 29 12:34:32 2022,57,1656,30875
Tue Mar 29 12:34:34 2022,58,1654,30875
Tue Mar 29 12:34:36 2022,59,1654,30875
Tue Mar 29 12:34:38 2022,60,1655,30875
Tue Mar 29 12:34:40 2022,61,1655,30875
Tue Mar 29 12:34:42 2022,62,1653,30875
Tue Mar 29 12:34:43 2022,63,1655,30875
Tue Mar 29 12:34:45 2022,64,1654,30875
Tue Mar 29 12:34:47 2022,65,1653,30875
Tue Mar 29 12:34:49 2022,66,1655,30875
Tue Mar 29 12:34:51 2022,67,1655,30875
Tue Mar 29 12:34:52 2022,68,1655,30875
Tue Mar 29 12:34:54 2022,69,1699,30875
Tue Mar 29 12:34:56 2022,70,1697,30875
Tue Mar 29 12:34:58 2022,71,1694,30875
Tue Mar 29 12:35:00 2022,72,1704,30875
Tue Mar 29 12:35:02 2022,73,1699,30937
Tue Mar 29 12:35:03 2022,74,1700,30937
Tue Mar 29 12:35:05 2022,75,1703,30875
Tue Mar 29 12:35:07 2022,76,1703,30937
Tue Mar 29 12:35:09 2022,77,1699,30875
Tue Mar 29 12:35:11 2022,78,1702,30937
Tue Mar 29 12:35:13 2022,79,1713,30875
Tue Mar 29 12:35:14 2022,80,1708,30937
Tue Mar 29 12:35:16 2022,81,1709,30875
Tue Mar 29 12:35:18 2022,82,1712,30875
Tue Mar 29 12:35:20 2022,83,1707,30937
Tue Mar 29 12:35:22 2022,84,1706,30875
Tue Mar 29 12:35:23 2022,85,1711,30937
Tue Mar 29 12:35:25 2022,86,1711,30937
Tue Mar 29 12:35:27 2022,87,1703,30937
Tue Mar 29 12:35:29 2022,88,1711,30937
Tue Mar 29 12:35:31 2022,89,1717,30875
Tue Mar 29 12:35:33 2022,90,1713,30937
Tue Mar 29 12:35:34 2022,91,1712,30937
Tue Mar 29 12:35:36 2022,92,1716,30875
Tue Mar 29 12:35:38 2022,93,1716,30875
Tue Mar 29 12:35:40 2022,94,1714,30875
Tue Mar 29 12:35:42 2022,95,1718,30937
Tue Mar 29 12:35:44 2022,96,1721,30937
Tue Mar 29 12:35:45 2022,97,1717,30937
Tue Mar 29 12:35:47 2022,98,1713,30875
Tue Mar 29 12:35:49 2022,99,1719,30875
Tue Mar 29 12:35:51 2022,100,1724,30875
Tue Mar 29 12:35:53 2022,101,1716,30937
Tue Mar 29 12:35:54 2022,102,1719,30875
Tue Mar 29 12:35:56 2022,103,1719,30937
Tue Mar 29 12:35:58 2022,104,1718,30875
Tue Mar 29 12:36:00 2022,105,1718,30875
Tue Mar 29 12:36:02 2022,106,1720,30875
Tue Mar 29 12:36:04 2022,107,1724,30937
Tue Mar 29 12:36:05 2022,108,1719,30937
Tue Mar 29 12:36:07 2022,109,1714,30875
Tue Mar 29 12:36:09 2022,110,1721,30875
Tue Mar 29 12:36:11 2022,111,1727,30875
Tue Mar 29 12:36:13 2022,112,1723,30875
Tue Mar 29 12:36:15 2022,113,1716,30875
Tue Mar 29 12:36:16 2022,114,1723,30875
Tue Mar 29 12:36:18 2022,115,1728,30875
Tue Mar 29 12:36:20 2022,116,1723,30937
Tue Mar 29 12:36:22 2022,117,1718,30937
Tue Mar 29 12:36:24 2022,118,1725,30937
Tue Mar 29 12:36:25 2022,119,1731,30937
Tue Mar 29 12:36:27 2022,120,1724,30875
Tue Mar 29 12:36:29 2022,121,1719,30937
Tue Mar 29 12:36:31 2022,122,1724,30937
Tue Mar 29 12:36:33 2022,123,1731,30937
Tue Mar 29 12:36:35 2022,124,1726,30937
Tue Mar 29 12:36:36 2022,125,1720,30937
Tue Mar 29 12:36:38 2022,126,1726,30937
Tue Mar 29 12:36:40 2022,127,1731,30937
Tue Mar 29 12:36:42 2022,128,1726,30875
Tue Mar 29 12:36:44 2022,129,1718,30937
Tue Mar 29 12:36:46 2022,130,1727,30937
Tue Mar 29 12:36:47 2022,131,1730,30937
Tue Mar 29 12:36:49 2022,132,1729,30875
Tue Mar 29 12:36:51 2022,133,1731,30875
Tue Mar 29 12:36:53 2022,134,1723,30937
Tue Mar 29 12:36:55 2022,135,1731,30875
Tue Mar 29 12:36:56 2022,136,1736,30875
Tue Mar 29 12:36:58 2022,137,1731,30937
Tue Mar 29 12:37:00 2022,138,1724,30875
Tue Mar 29 12:37:02 2022,139,1730,30875
Tue Mar 29 12:37:04 2022,140,1735,30875
Tue Mar 29 12:37:06 2022,141,1731,30937
Tue Mar 29 12:37:07 2022,142,1733,30875
Tue Mar 29 12:37:09 2022,143,1730,30875
Tue Mar 29 12:37:11 2022,144,1733,30875
Tue Mar 29 12:37:13 2022,145,1733,30937
Tue Mar 29 12:37:15 2022,146,1734,30875
Tue Mar 29 12:37:17 2022,147,1732,30937
Tue Mar 29 12:37:18 2022,148,1734,30875
Tue Mar 29 12:37:20 2022,149,1737,30937
Tue Mar 29 12:37:22 2022,150,1734,30937
Tue Mar 29 12:37:24 2022,151,1728,30875
Tue Mar 29 12:37:26 2022,152,1735,30875
Tue Mar 29 12:37:28 2022,153,1735,30875
Tue Mar 29 12:37:29 2022,154,1733,30875
Tue Mar 29 12:37:31 2022,155,1736,30875
Tue Mar 29 12:37:33 2022,156,1730,30875
Tue Mar 29 12:37:35 2022,157,1737,30937
Tue Mar 29 12:37:37 2022,158,1738,30875
Tue Mar 29 12:37:38 2022,159,1741,30875
Tue Mar 29 12:37:40 2022,160,1736,30875
Tue Mar 29 12:37:42 2022,161,1739,30875
Tue Mar 29 12:37:44 2022,162,1734,30875
Tue Mar 29 12:37:46 2022,163,1738,30875
Tue Mar 29 12:37:48 2022,164,1739,30937
Tue Mar 29 12:37:49 2022,165,1744,30875
Tue Mar 29 12:37:51 2022,166,1739,30875
Tue Mar 29 12:37:53 2022,167,1739,30937
Tue Mar 29 12:37:55 2022,168,1733,30875
Tue Mar 29 12:37:57 2022,169,1738,30875
Tue Mar 29 12:37:59 2022,170,1738,30875
Tue Mar 29 12:38:00 2022,171,1741,30875
Tue Mar 29 12:38:02 2022,172,1746,30875
Tue Mar 29 12:38:04 2022,173,1741,30875
Tue Mar 29 12:38:06 2022,174,1741,30875
Tue Mar 29 12:38:08 2022,175,1736,30875
Tue Mar 29 12:38:09 2022,176,1741,30875
Tue Mar 29 12:38:11 2022,177,1744,30875
Tue Mar 29 12:38:13 2022,178,1743,30875
Tue Mar 29 12:38:15 2022,179,1748,30875
Tue Mar 29 12:38:17 2022,180,1741,30875
Tue Mar 29 12:38:19 2022,181,1744,30875
Tue Mar 29 12:38:20 2022,182,1736,30875
Tue Mar 29 12:38:22 2022,183,1742,30875
Tue Mar 29 12:38:24 2022,184,1744,30875
Tue Mar 29 12:38:26 2022,185,1744,30875
Tue Mar 29 12:38:28 2022,186,1750,30875
Tue Mar 29 12:38:30 2022,187,1747,30875
Tue Mar 29 12:38:31 2022,188,1746,30875
Tue Mar 29 12:38:33 2022,189,1746,30875
Tue Mar 29 12:38:35 2022,190,1738,30875
Tue Mar 29 12:38:37 2022,191,1745,30875
Tue Mar 29 12:38:39 2022,192,1748,30875
Tue Mar 29 12:38:40 2022,193,1747,30875
Tue Mar 29 12:38:42 2022,194,1752,30875
Tue Mar 29 12:38:44 2022,195,1750,30875
Tue Mar 29 12:38:46 2022,196,1747,30875
Tue Mar 29 12:38:48 2022,197,1747,30875
Tue Mar 29 12:38:50 2022,198,1744,30875
Tue Mar 29 12:38:51 2022,199,1746,30875
Tue Mar 29 12:38:53 2022,200,1751,30875
Tue Mar 29 12:38:55 2022,201,1750,30875
Tue Mar 29 12:38:57 2022,202,1756,30812
Tue Mar 29 12:38:59 2022,203,1751,30875
Tue Mar 29 12:39:01 2022,204,1750,30812
Tue Mar 29 12:39:02 2022,205,1752,30875
Tue Mar 29 12:39:04 2022,206,1751,30875
Tue Mar 29 12:39:06 2022,207,1751,30875
Tue Mar 29 12:39:08 2022,208,1749,30875
Tue Mar 29 12:39:10 2022,209,1746,30875
Tue Mar 29 12:39:11 2022,210,1748,30875
Tue Mar 29 12:39:13 2022,211,1752,30875
Tue Mar 29 12:39:15 2022,212,1752,30875
Tue Mar 29 12:39:17 2022,213,1754,30875
Tue Mar 29 12:39:19 2022,214,1754,30875
Tue Mar 29 12:39:21 2022,215,1753,30812
Tue Mar 29 12:39:22 2022,216,1755,30875
Tue Mar 29 12:39:24 2022,217,1758,30875
Tue Mar 29 12:39:26 2022,218,1762,30812
Tue Mar 29 12:39:28 2022,219,1763,30812
Tue Mar 29 12:39:30 2022,220,1758,30812
Tue Mar 29 12:39:32 2022,221,1756,30875
Tue Mar 29 12:39:33 2022,222,1755,30812
Tue Mar 29 12:39:35 2022,223,1755,30812
Tue Mar 29 12:39:37 2022,224,1758,30875
Tue Mar 29 12:39:39 2022,225,1754,30812
Tue Mar 29 12:39:41 2022,226,1757,30812
Tue Mar 29 12:39:42 2022,227,1757,30812
Tue Mar 29 12:39:44 2022,228,1756,30875
Tue Mar 29 12:39:46 2022,229,1757,30812
Tue Mar 29 12:39:48 2022,230,1757,30812
Tue Mar 29 12:39:50 2022,231,1758,30812
Tue Mar 29 12:39:52 2022,232,1759,30812
Tue Mar 29 12:39:53 2022,233,1760,30812
Tue Mar 29 12:39:55 2022,234,1758,30812
Tue Mar 29 12:39:57 2022,235,1758,30812
Tue Mar 29 12:39:59 2022,236,1759,30812
Tue Mar 29 12:40:01 2022,237,1760,30812
Tue Mar 29 12:40:03 2022,238,1752,30875
Tue Mar 29 12:40:04 2022,239,1753,30812
Tue Mar 29 12:40:06 2022,240,1753,30812
Tue Mar 29 12:40:08 2022,241,1754,30812
Tue Mar 29 12:40:10 2022,242,1752,30812
Tue Mar 29 12:40:12 2022,243,1755,30812
Tue Mar 29 12:40:13 2022,244,1758,30812
Tue Mar 29 12:40:15 2022,245,1758,30812
Tue Mar 29 12:40:17 2022,246,1758,30812
Tue Mar 29 12:40:19 2022,247,1760,30812
Tue Mar 29 12:40:21 2022,248,1760,30812
Tue Mar 29 12:40:23 2022,249,1762,30812
Tue Mar 29 12:40:24 2022,250,1761,30812
Tue Mar 29 12:40:26 2022,251,1760,30812
Tue Mar 29 12:40:28 2022,252,1760,30812
Tue Mar 29 12:40:30 2022,253,1763,30812
Tue Mar 29 12:40:32 2022,254,1762,30812
Tue Mar 29 12:40:34 2022,255,1762,30812
Tue Mar 29 12:40:35 2022,256,1761,30812
Tue Mar 29 12:40:37 2022,257,1761,30812
Tue Mar 29 12:40:39 2022,258,1761,30812
Tue Mar 29 12:40:41 2022,259,1760,30812
Tue Mar 29 12:40:43 2022,260,1761,30812
Tue Mar 29 12:40:44 2022,261,1761,30812
Tue Mar 29 12:40:46 2022,262,1763,30812
Tue Mar 29 12:40:48 2022,263,1759,30812
Tue Mar 29 12:40:50 2022,264,1760,30812
Tue Mar 29 12:40:52 2022,265,1756,30812
Tue Mar 29 12:40:54 2022,266,1758,30812
Tue Mar 29 12:40:55 2022,267,1759,30812
Tue Mar 29 12:40:57 2022,268,1764,30812
Tue Mar 29 12:40:59 2022,269,1765,30812
Tue Mar 29 12:41:01 2022,270,1764,30812
Tue Mar 29 12:41:03 2022,271,1763,30812
Tue Mar 29 12:41:05 2022,272,1763,30812
Tue Mar 29 12:41:06 2022,273,1763,30750
Tue Mar 29 12:41:08 2022,274,1764,30812
Tue Mar 29 12:41:10 2022,275,1762,30812
Tue Mar 29 12:41:12 2022,276,1764,30812
Tue Mar 29 12:41:14 2022,277,1762,30812
Tue Mar 29 12:41:16 2022,278,1766,30812
Tue Mar 29 12:41:17 2022,279,1763,30750
Tue Mar 29 12:41:19 2022,280,1765,30750
Tue Mar 29 12:41:21 2022,281,1765,30750
Tue Mar 29 12:41:23 2022,282,1762,30812
Tue Mar 29 12:41:25 2022,283,1763,30750
Tue Mar 29 12:41:26 2022,284,1769,30750
Tue Mar 29 12:41:28 2022,285,1769,30750
Tue Mar 29 12:41:30 2022,286,1772,30812
Tue Mar 29 12:41:32 2022,287,1769,30750
Tue Mar 29 12:41:34 2022,288,1769,30750
Tue Mar 29 12:41:36 2022,289,1769,30750
Tue Mar 29 12:41:37 2022,290,1768,30812
Tue Mar 29 12:41:39 2022,291,1769,30750
Tue Mar 29 12:41:41 2022,292,1768,30812
Tue Mar 29 12:41:43 2022,293,1769,30750
Tue Mar 29 12:41:45 2022,294,1766,30750
Tue Mar 29 12:41:47 2022,295,1766,30750
Tue Mar 29 12:41:48 2022,296,1767,30750
Tue Mar 29 12:41:50 2022,297,1766,30750
Tue Mar 29 12:41:52 2022,298,1768,30750
Tue Mar 29 12:41:54 2022,299,1767,30750
Tue Mar 29 12:41:56 2022,300,1766,30750
Tue Mar 29 12:41:57 2022,301,1766,30750
Tue Mar 29 12:41:59 2022,302,1763,30750
Tue Mar 29 12:42:01 2022,303,1760,30750
Tue Mar 29 12:42:03 2022,304,1761,30750
Tue Mar 29 12:42:05 2022,305,1768,30750
Tue Mar 29 12:42:07 2022,306,1766,30750
Tue Mar 29 12:42:08 2022,307,1768,30750
Tue Mar 29 12:42:10 2022,308,1768,30750
Tue Mar 29 12:42:12 2022,309,1768,30750
Tue Mar 29 12:42:14 2022,310,1773,30750
Tue Mar 29 12:42:16 2022,311,1771,30750
Tue Mar 29 12:42:18 2022,312,1772,30750
Tue Mar 29 12:42:19 2022,313,1771,30750
Tue Mar 29 12:42:21 2022,314,1768,30750
Tue Mar 29 12:42:23 2022,315,1769,30750
Tue Mar 29 12:42:25 2022,316,1766,30750
Tue Mar 29 12:42:27 2022,317,1766,30750
Tue Mar 29 12:42:28 2022,318,1768,30812
Tue Mar 29 12:42:30 2022,319,1768,30750
Tue Mar 29 12:42:32 2022,320,1768,30812
Tue Mar 29 12:42:34 2022,321,1774,30812
Tue Mar 29 12:42:36 2022,322,1769,30750
Tue Mar 29 12:42:38 2022,323,1769,30812
Tue Mar 29 12:42:39 2022,324,1771,30812
Tue Mar 29 12:42:41 2022,325,1764,30812
Tue Mar 29 12:42:43 2022,326,1767,30750
Tue Mar 29 12:42:45 2022,327,1770,30750
Tue Mar 29 12:42:47 2022,328,1774,30750
Tue Mar 29 12:42:49 2022,329,1772,30750
Tue Mar 29 12:42:50 2022,330,1771,30750
Tue Mar 29 12:42:52 2022,331,1769,30750
Tue Mar 29 12:42:54 2022,332,1762,30750
Tue Mar 29 12:42:56 2022,333,1772,30750
Tue Mar 29 12:42:58 2022,334,1771,30750
Tue Mar 29 12:42:59 2022,335,1772,30750
Tue Mar 29 12:43:01 2022,336,1777,30750
Tue Mar 29 12:43:03 2022,337,1771,30750
Tue Mar 29 12:43:05 2022,338,1773,30750
Tue Mar 29 12:43:07 2022,339,1767,30750
Tue Mar 29 12:43:09 2022,340,1768,30750
Tue Mar 29 12:43:10 2022,341,1772,30750
Tue Mar 29 12:43:12 2022,342,1771,30750
Tue Mar 29 12:43:14 2022,343,1776,30750
Tue Mar 29 12:43:16 2022,344,1772,30750
Tue Mar 29 12:43:18 2022,345,1772,30750
Tue Mar 29 12:43:20 2022,346,1767,30750
Tue Mar 29 12:43:21 2022,347,1774,30750
Tue Mar 29 12:43:23 2022,348,1774,30687
Tue Mar 29 12:43:25 2022,349,1772,30750
Tue Mar 29 12:43:27 2022,350,1780,30687
Tue Mar 29 12:43:29 2022,351,1774,30750
Tue Mar 29 12:43:30 2022,352,1775,30750
Tue Mar 29 12:43:32 2022,353,1773,30687
Tue Mar 29 12:43:34 2022,354,1768,30750
Tue Mar 29 12:43:36 2022,355,1770,30750
Tue Mar 29 12:43:38 2022,356,1775,30687
Tue Mar 29 12:43:40 2022,357,1774,30687
Tue Mar 29 12:43:41 2022,358,1774,30687
Tue Mar 29 12:43:43 2022,359,1782,30750
Tue Mar 29 12:43:45 2022,360,1780,30750
Tue Mar 29 12:43:47 2022,361,1773,30687
Tue Mar 29 12:43:49 2022,362,1774,30750
Tue Mar 29 12:43:51 2022,363,1777,30750
Tue Mar 29 12:43:52 2022,364,1774,30750
Tue Mar 29 12:43:54 2022,365,1768,30750
Tue Mar 29 12:43:56 2022,366,1770,30750
Tue Mar 29 12:43:58 2022,367,1776,30750
Tue Mar 29 12:44:00 2022,368,1777,30750
Tue Mar 29 12:44:01 2022,369,1778,30750
Tue Mar 29 12:44:03 2022,370,1775,30750
Tue Mar 29 12:44:05 2022,371,1779,30750
Tue Mar 29 12:44:07 2022,372,1782,30687
Tue Mar 29 12:44:09 2022,373,1777,30687
Tue Mar 29 12:44:11 2022,374,1775,30687
Tue Mar 29 12:44:12 2022,375,1775,30687
Tue Mar 29 12:44:14 2022,376,1775,30750
Tue Mar 29 12:44:16 2022,377,1780,30750
Tue Mar 29 12:44:18 2022,378,1773,30750
Tue Mar 29 12:44:20 2022,379,1773,30687
Tue Mar 29 12:44:22 2022,380,1779,30750
Tue Mar 29 12:44:23 2022,381,1780,30750
Tue Mar 29 12:44:25 2022,382,1778,30750
Tue Mar 29 12:44:27 2022,383,1778,30687
Tue Mar 29 12:44:29 2022,384,1778,30687
Tue Mar 29 12:44:31 2022,385,1784,30750
Tue Mar 29 12:44:32 2022,386,1784,30750
Tue Mar 29 12:44:34 2022,387,1779,30687
Tue Mar 29 12:44:36 2022,388,1778,30750
Tue Mar 29 12:44:38 2022,389,1777,30750
Tue Mar 29 12:44:40 2022,390,1780,30750
Tue Mar 29 12:44:42 2022,391,1774,30750
Tue Mar 29 12:44:43 2022,392,1774,30687
Tue Mar 29 12:44:45 2022,393,1782,30750
Tue Mar 29 12:44:47 2022,394,1783,30687
Tue Mar 29 12:44:49 2022,395,1781,30687
Tue Mar 29 12:44:51 2022,396,1781,30687
Tue Mar 29 12:44:53 2022,397,1782,30750
Tue Mar 29 12:44:54 2022,398,1785,30687
Tue Mar 29 12:44:56 2022,399,1789,30687
Tue Mar 29 12:44:58 2022,400,1782,30687
Tue Mar 29 12:45:00 2022,401,1779,30687
Tue Mar 29 12:45:02 2022,402,1781,30687
Tue Mar 29 12:45:04 2022,403,1781,30687
Tue Mar 29 12:45:05 2022,404,1778,30687
Tue Mar 29 12:45:07 2022,405,1781,30750
Tue Mar 29 12:45:09 2022,406,1781,30750
Tue Mar 29 12:45:11 2022,407,1781,30750
Tue Mar 29 12:45:13 2022,408,1781,30687
Tue Mar 29 12:45:14 2022,409,1782,30750
Tue Mar 29 12:45:16 2022,410,1788,30750
Tue Mar 29 12:45:18 2022,411,1787,30687
Tue Mar 29 12:45:20 2022,412,1784,30687
Tue Mar 29 12:45:22 2022,413,1783,30750
Tue Mar 29 12:45:24 2022,414,1785,30750
Tue Mar 29 12:45:25 2022,415,1779,30750
Tue Mar 29 12:45:27 2022,416,1779,30687
Tue Mar 29 12:45:29 2022,417,1784,30687
Tue Mar 29 12:45:31 2022,418,1784,30687
Tue Mar 29 12:45:33 2022,419,1785,30750
Tue Mar 29 12:45:35 2022,420,1789,30687
Tue Mar 29 12:45:36 2022,421,1791,30687
Tue Mar 29 12:45:38 2022,422,1783,30687
Tue Mar 29 12:45:40 2022,423,1787,30750
Tue Mar 29 12:45:42 2022,424,1780,30687
Tue Mar 29 12:45:44 2022,425,1781,30687
Tue Mar 29 12:45:45 2022,426,1785,30687
Tue Mar 29 12:45:47 2022,427,1785,30687
Tue Mar 29 12:45:49 2022,428,1786,30687
Tue Mar 29 12:45:51 2022,429,1792,30687
Tue Mar 29 12:45:53 2022,430,1800,30750
Tue Mar 29 12:45:55 2022,431,1785,30687
Tue Mar 29 12:45:56 2022,432,1785,30687
Tue Mar 29 12:45:58 2022,433,1786,30687
Tue Mar 29 12:46:00 2022,434,1781,30687
Tue Mar 29 12:46:02 2022,435,1779,30687
Tue Mar 29 12:46:04 2022,436,1788,30687
Tue Mar 29 12:46:06 2022,437,1789,30687
Tue Mar 29 12:46:07 2022,438,1787,30687
Tue Mar 29 12:46:09 2022,439,1789,30687
Tue Mar 29 12:46:11 2022,440,1792,30750
Tue Mar 29 12:46:13 2022,441,1794,30750
Tue Mar 29 12:46:15 2022,442,1790,30750
Tue Mar 29 12:46:16 2022,443,1789,30750
Tue Mar 29 12:46:18 2022,444,1788,30750
Tue Mar 29 12:46:20 2022,445,1783,30687
Tue Mar 29 12:46:22 2022,446,1786,30750
Tue Mar 29 12:46:24 2022,447,1788,30750
Tue Mar 29 12:46:26 2022,448,1790,30750
Tue Mar 29 12:46:27 2022,449,1789,30750
Tue Mar 29 12:46:29 2022,450,1795,30687
Tue Mar 29 12:46:31 2022,451,1795,30750
Tue Mar 29 12:46:33 2022,452,1793,30750
Tue Mar 29 12:46:35 2022,453,1793,30687
Tue Mar 29 12:46:37 2022,454,1790,30750
Tue Mar 29 12:46:38 2022,455,1785,30750
Tue Mar 29 12:46:40 2022,456,1787,30750
Tue Mar 29 12:46:42 2022,457,1790,30750
Tue Mar 29 12:46:44 2022,458,1793,30687
Tue Mar 29 12:46:46 2022,459,1793,30750
Tue Mar 29 12:46:47 2022,460,1794,30687
Tue Mar 29 12:46:49 2022,461,1797,30750
Tue Mar 29 12:46:51 2022,462,1792,30687
Tue Mar 29 12:46:53 2022,463,1793,30750
Tue Mar 29 12:46:55 2022,464,1793,30687
Tue Mar 29 12:46:57 2022,465,1790,30687
Tue Mar 29 12:46:58 2022,466,1792,30687
Tue Mar 29 12:47:00 2022,467,1793,30687
Tue Mar 29 12:47:02 2022,468,1796,30687
Tue Mar 29 12:47:04 2022,469,1798,30687
Tue Mar 29 12:47:06 2022,470,1793,30687
Tue Mar 29 12:47:08 2022,471,1796,30687
Tue Mar 29 12:47:09 2022,472,1793,30687
Tue Mar 29 12:47:11 2022,473,1790,30687
Tue Mar 29 12:47:13 2022,474,1794,30687
Tue Mar 29 12:47:15 2022,475,1795,30687
Tue Mar 29 12:47:17 2022,476,1802,30687
Tue Mar 29 12:47:18 2022,477,1796,30687
Tue Mar 29 12:47:20 2022,478,1794,30687
Tue Mar 29 12:47:22 2022,479,1797,30750
Tue Mar 29 12:47:24 2022,480,1793,30687
Tue Mar 29 12:47:26 2022,481,1797,30687
Tue Mar 29 12:47:28 2022,482,1796,30687
Tue Mar 29 12:47:29 2022,483,1800,30687
Tue Mar 29 12:47:31 2022,484,1799,30687
Tue Mar 29 12:47:33 2022,485,1800,30687
Tue Mar 29 12:47:35 2022,486,1798,30687
Tue Mar 29 12:47:37 2022,487,1796,30687
Tue Mar 29 12:47:39 2022,488,1796,30687
Tue Mar 29 12:47:40 2022,489,1801,30750
Tue Mar 29 12:47:42 2022,490,1800,30687
Tue Mar 29 12:47:44 2022,491,1804,30687
Tue Mar 29 12:47:46 2022,492,1804,30687
Tue Mar 29 12:47:48 2022,493,1800,30750
Tue Mar 29 12:47:49 2022,494,1801,30687
Tue Mar 29 12:47:51 2022,495,1799,30687
Tue Mar 29 12:47:53 2022,496,1798,30687
Tue Mar 29 12:47:55 2022,497,1802,30687
Tue Mar 29 12:47:57 2022,498,1801,30687
Tue Mar 29 12:47:59 2022,499,1803,30687
Tue Mar 29 12:48:00 2022,500,1805,30687
Tue Mar 29 12:48:02 2022,501,1806,30687
Tue Mar 29 12:48:04 2022,502,1803,30687
Tue Mar 29 12:48:06 2022,503,1803,30687
Tue Mar 29 12:48:08 2022,504,1804,30687
Tue Mar 29 12:48:10 2022,505,1804,30687
Tue Mar 29 12:48:11 2022,506,1798,30687
Tue Mar 29 12:48:13 2022,507,1795,30687
Tue Mar 29 12:48:15 2022,508,1798,30687
Tue Mar 29 12:48:17 2022,509,1802,30687
Tue Mar 29 12:48:19 2022,510,1804,30687
Tue Mar 29 12:48:20 2022,511,1804,30687
Tue Mar 29 12:48:22 2022,512,1802,30687
Tue Mar 29 12:48:24 2022,513,1805,30687
Tue Mar 29 12:48:26 2022,514,1807,30687
Tue Mar 29 12:48:28 2022,515,1809,30687
Tue Mar 29 12:48:30 2022,516,1810,30687
Tue Mar 29 12:48:31 2022,517,1805,30687
Tue Mar 29 12:48:33 2022,518,1804,30687
Tue Mar 29 12:48:35 2022,519,1806,30687
Tue Mar 29 12:48:37 2022,520,1805,30687
Tue Mar 29 12:48:39 2022,521,1806,30687
Tue Mar 29 12:48:41 2022,522,1806,30687
Tue Mar 29 12:48:42 2022,523,1803,30687
Tue Mar 29 12:48:44 2022,524,1802,30687
Tue Mar 29 12:48:46 2022,525,1806,30687
Tue Mar 29 12:48:48 2022,526,1807,30687
Tue Mar 29 12:48:50 2022,527,1807,30687
Tue Mar 29 12:48:52 2022,528,1808,30687
Tue Mar 29 12:48:53 2022,529,1808,30687
Tue Mar 29 12:48:55 2022,530,1810,30687
Tue Mar 29 12:48:57 2022,531,1814,30687
Tue Mar 29 12:48:59 2022,532,1813,30687
Tue Mar 29 12:49:01 2022,533,1809,30687
Tue Mar 29 12:49:02 2022,534,1808,30687
Tue Mar 29 12:49:04 2022,535,1810,30687
Tue Mar 29 12:49:06 2022,536,1810,30687
Tue Mar 29 12:49:08 2022,537,1811,30687
Tue Mar 29 12:49:10 2022,538,1806,30687
Tue Mar 29 12:49:12 2022,539,1809,30687
Tue Mar 29 12:49:13 2022,540,1809,30687
Tue Mar 29 12:49:15 2022,541,1811,30687
Tue Mar 29 12:49:17 2022,542,1811,30687
Tue Mar 29 12:49:19 2022,543,1813,30687
Tue Mar 29 12:49:21 2022,544,1817,30687
Tue Mar 29 12:49:23 2022,545,1815,30687
Tue Mar 29 12:49:24 2022,546,1811,30687
Tue Mar 29 12:49:26 2022,547,1812,30687
Tue Mar 29 12:49:28 2022,548,1810,30687
Tue Mar 29 12:49:30 2022,549,1812,30687
Tue Mar 29 12:49:32 2022,550,1809,30687
Tue Mar 29 12:49:33 2022,551,1809,30687
Tue Mar 29 12:49:35 2022,552,1813,30687
Tue Mar 29 12:49:37 2022,553,1814,30687
Tue Mar 29 12:49:39 2022,554,1814,30750
Tue Mar 29 12:49:41 2022,555,1815,30687
Tue Mar 29 12:49:43 2022,556,1813,30687
Tue Mar 29 12:49:44 2022,557,1821,30687
Tue Mar 29 12:49:46 2022,558,1819,30687
Tue Mar 29 12:49:48 2022,559,1815,30687
Tue Mar 29 12:49:50 2022,560,1816,30687
Tue Mar 29 12:49:52 2022,561,1813,30687
Tue Mar 29 12:49:54 2022,562,1818,30687
Tue Mar 29 12:49:55 2022,563,1816,30750
Tue Mar 29 12:49:57 2022,564,1813,30687
Tue Mar 29 12:49:59 2022,565,1812,30687
Tue Mar 29 12:50:01 2022,566,1816,30687
Tue Mar 29 12:50:03 2022,567,1815,30687
Tue Mar 29 12:50:04 2022,568,1819,30687
Tue Mar 29 12:50:06 2022,569,1817,30687
Tue Mar 29 12:50:08 2022,570,1818,30687
Tue Mar 29 12:50:10 2022,571,1819,30687
Tue Mar 29 12:50:12 2022,572,1825,30687
Tue Mar 29 12:50:14 2022,573,1824,30687
Tue Mar 29 12:50:15 2022,574,1821,30687
Tue Mar 29 12:50:17 2022,575,1819,30687
Tue Mar 29 12:50:19 2022,576,1819,30687
Tue Mar 29 12:50:21 2022,577,1820,30687
Tue Mar 29 12:50:23 2022,578,1820,30687
Tue Mar 29 12:50:25 2022,579,1822,30687
Tue Mar 29 12:50:26 2022,580,1820,30687
Tue Mar 29 12:50:28 2022,581,1817,30687
Tue Mar 29 12:50:30 2022,582,1821,30687
Tue Mar 29 12:50:32 2022,583,1815,30687
Tue Mar 29 12:50:34 2022,584,1820,30687
Tue Mar 29 12:50:35 2022,585,1821,30687
Tue Mar 29 12:50:37 2022,586,1820,30687
Tue Mar 29 12:50:39 2022,587,1821,30687
Tue Mar 29 12:50:41 2022,588,1824,30687
Tue Mar 29 12:50:43 2022,589,1823,30687
Tue Mar 29 12:50:45 2022,590,1824,30687
Tue Mar 29 12:50:46 2022,591,1822,30687
Tue Mar 29 12:50:48 2022,592,1823,30687
Tue Mar 29 12:50:50 2022,593,1829,30687
Tue Mar 29 12:50:52 2022,594,1824,30687
Tue Mar 29 12:50:54 2022,595,1822,30687
Tue Mar 29 12:50:56 2022,596,1825,30687
Tue Mar 29 12:50:57 2022,597,1825,30687
Tue Mar 29 12:50:59 2022,598,1822,30687
Tue Mar 29 12:51:01 2022,599,1825,30687
Tue Mar 29 12:51:03 2022,600,1818,30687
Tue Mar 29 12:51:05 2022,601,1820,30687
Tue Mar 29 12:51:06 2022,602,1821,30687
Tue Mar 29 12:51:08 2022,603,1826,30687
Tue Mar 29 12:51:10 2022,604,1826,30687
Tue Mar 29 12:51:12 2022,605,1826,30687
Tue Mar 29 12:51:14 2022,606,1827,30687
Tue Mar 29 12:51:16 2022,607,1826,30687
Tue Mar 29 12:51:17 2022,608,1825,30687
Tue Mar 29 12:51:19 2022,609,1828,30687
Tue Mar 29 12:51:21 2022,610,1828,30687
Tue Mar 29 12:51:23 2022,611,1830,30687
Tue Mar 29 12:51:25 2022,612,1829,30687
Tue Mar 29 12:51:27 2022,613,1835,30687
Tue Mar 29 12:51:28 2022,614,1837,30687
Tue Mar 29 12:51:30 2022,615,1833,30687
Tue Mar 29 12:51:32 2022,616,1832,30687
Tue Mar 29 12:51:34 2022,617,1829,30687
Tue Mar 29 12:51:36 2022,618,1828,30687
Tue Mar 29 12:51:37 2022,619,1829,30687
Tue Mar 29 12:51:39 2022,620,1828,30687
Tue Mar 29 12:51:41 2022,621,1831,30687
Tue Mar 29 12:51:43 2022,622,1829,30687
Tue Mar 29 12:51:45 2022,623,1833,30687
Tue Mar 29 12:51:47 2022,624,1828,30687
Tue Mar 29 12:51:48 2022,625,1825,30687
Tue Mar 29 12:51:50 2022,626,1828,30687
Tue Mar 29 12:51:52 2022,627,1829,30687
Tue Mar 29 12:51:54 2022,628,1829,30687
Tue Mar 29 12:51:56 2022,629,1834,30687
Tue Mar 29 12:51:58 2022,630,1832,30687
Tue Mar 29 12:51:59 2022,631,1832,30687
Tue Mar 29 12:52:01 2022,632,1833,30687
Tue Mar 29 12:52:03 2022,633,1832,30687
Tue Mar 29 12:52:05 2022,634,1836,30687
Tue Mar 29 12:52:07 2022,635,1838,30687
Tue Mar 29 12:52:08 2022,636,1840,30687
Tue Mar 29 12:52:10 2022,637,1838,30687
Tue Mar 29 12:52:12 2022,638,1832,30687
Tue Mar 29 12:52:14 2022,639,1833,30687
Tue Mar 29 12:52:16 2022,640,1836,30687
Tue Mar 29 12:52:18 2022,641,1835,30687
Tue Mar 29 12:52:19 2022,642,1833,30687
Tue Mar 29 12:52:21 2022,643,1835,30687
Tue Mar 29 12:52:23 2022,644,1837,30687
Tue Mar 29 12:52:25 2022,645,1829,30687
Tue Mar 29 12:52:27 2022,646,1831,30687
Tue Mar 29 12:52:29 2022,647,1829,30687
Tue Mar 29 12:52:30 2022,648,1834,30687
Tue Mar 29 12:52:32 2022,649,1837,30687
Tue Mar 29 12:52:34 2022,650,1835,30687
Tue Mar 29 12:52:36 2022,651,1830,30687
Tue Mar 29 12:52:38 2022,652,1833,30687
Tue Mar 29 12:52:40 2022,653,1840,30625
Tue Mar 29 12:52:41 2022,654,1837,30687
Tue Mar 29 12:52:43 2022,655,1833,30687
Tue Mar 29 12:52:45 2022,656,1836,30687
Tue Mar 29 12:52:47 2022,657,1838,30687
Tue Mar 29 12:52:49 2022,658,1841,30687
Tue Mar 29 12:52:50 2022,659,1839,30687
Tue Mar 29 12:52:52 2022,660,1840,30625
Tue Mar 29 12:52:54 2022,661,1839,30687
Tue Mar 29 12:52:56 2022,662,1840,30687
Tue Mar 29 12:52:58 2022,663,1840,30687
Tue Mar 29 12:53:00 2022,664,1841,30625
Tue Mar 29 12:53:01 2022,665,1839,30687
Tue Mar 29 12:53:03 2022,666,1839,30687
Tue Mar 29 12:53:05 2022,667,1841,30687
Tue Mar 29 12:53:07 2022,668,1838,30687
Tue Mar 29 12:53:09 2022,669,1839,30687
Tue Mar 29 12:53:11 2022,670,1838,30687
Tue Mar 29 12:53:12 2022,671,1845,30687
Tue Mar 29 12:53:14 2022,672,1838,30687
Tue Mar 29 12:53:16 2022,673,1845,30687
Tue Mar 29 12:53:18 2022,674,1844,30687
Tue Mar 29 12:53:20 2022,675,1840,30687
Tue Mar 29 12:53:21 2022,676,1840,30687
Tue Mar 29 12:53:23 2022,677,1835,30687
Tue Mar 29 12:53:25 2022,678,1836,30687
Tue Mar 29 12:53:27 2022,679,1838,30687
Tue Mar 29 12:53:29 2022,680,1837,30687
Tue Mar 29 12:53:31 2022,681,1841,30687
Tue Mar 29 12:53:32 2022,682,1844,30687
Tue Mar 29 12:53:34 2022,683,1846,30687
Tue Mar 29 12:53:36 2022,684,1842,30687
Tue Mar 29 12:53:38 2022,685,1841,30687
Tue Mar 29 12:53:40 2022,686,1845,30687
Tue Mar 29 12:53:42 2022,687,1848,30687
Tue Mar 29 12:53:43 2022,688,1850,30687
Tue Mar 29 12:53:45 2022,689,1844,30687
Tue Mar 29 12:53:47 2022,690,1847,30687
Tue Mar 29 12:53:49 2022,691,1846,30687
Tue Mar 29 12:53:51 2022,692,1847,30687
Tue Mar 29 12:53:52 2022,693,1844,30687
Tue Mar 29 12:53:54 2022,694,1842,30687
Tue Mar 29 12:53:56 2022,695,1841,30687
Tue Mar 29 12:53:58 2022,696,1848,30687
Tue Mar 29 12:54:00 2022,697,1845,30687
Tue Mar 29 12:54:02 2022,698,1846,30687
Tue Mar 29 12:54:03 2022,699,1847,30687
Tue Mar 29 12:54:05 2022,700,1847,30687
Tue Mar 29 12:54:07 2022,701,1853,30687
Tue Mar 29 12:54:09 2022,702,1854,30687
Tue Mar 29 12:54:11 2022,703,1849,30687
Tue Mar 29 12:54:13 2022,704,1845,30687
Tue Mar 29 12:54:14 2022,705,1850,30687
Tue Mar 29 12:54:16 2022,706,1845,30687
Tue Mar 29 12:54:18 2022,707,1839,30687
Tue Mar 29 12:54:20 2022,708,1850,30687
Tue Mar 29 12:54:22 2022,709,1849,30625
Tue Mar 29 12:54:23 2022,710,1850,30687
Tue Mar 29 12:54:25 2022,711,1851,30687
Tue Mar 29 12:54:27 2022,712,1855,30687
Tue Mar 29 12:54:29 2022,713,1851,30687
Tue Mar 29 12:54:31 2022,714,1850,30687
Tue Mar 29 12:54:33 2022,715,1847,30625
Tue Mar 29 12:54:34 2022,716,1845,30687
Tue Mar 29 12:54:36 2022,717,1846,30687
Tue Mar 29 12:54:38 2022,718,1852,30687
Tue Mar 29 12:54:40 2022,719,1848,30687
Tue Mar 29 12:54:42 2022,720,1850,30687
Tue Mar 29 12:54:44 2022,721,1856,30625
Tue Mar 29 12:54:45 2022,722,1854,30687
Tue Mar 29 12:54:47 2022,723,1850,30687
Tue Mar 29 12:54:49 2022,724,1854,30687
Tue Mar 29 12:54:51 2022,725,1849,30687
Tue Mar 29 12:54:53 2022,726,1849,30687
Tue Mar 29 12:54:54 2022,727,1853,30687
Tue Mar 29 12:54:56 2022,728,1855,30625
Tue Mar 29 12:54:58 2022,729,1853,30625
Tue Mar 29 12:55:00 2022,730,1857,30625
Tue Mar 29 12:55:02 2022,731,1854,30625
Tue Mar 29 12:55:04 2022,732,1856,30625
Tue Mar 29 12:55:05 2022,733,1853,30625
Tue Mar 29 12:55:07 2022,734,1848,30687
Tue Mar 29 12:55:09 2022,735,1854,30625
Tue Mar 29 12:55:11 2022,736,1856,30625
Tue Mar 29 12:55:13 2022,737,1856,30687
Tue Mar 29 12:55:15 2022,738,1862,30687
Tue Mar 29 12:55:16 2022,739,1855,30625
Tue Mar 29 12:55:18 2022,740,1854,30625
Tue Mar 29 12:55:20 2022,741,1853,30625
Tue Mar 29 12:55:22 2022,742,1851,30625
Tue Mar 29 12:55:24 2022,743,1851,30625
Tue Mar 29 12:55:25 2022,744,1857,30625
Tue Mar 29 12:55:27 2022,745,1855,30625
Tue Mar 29 12:55:29 2022,746,1859,30625
Tue Mar 29 12:55:31 2022,747,1860,30625
Tue Mar 29 12:55:33 2022,748,1855,30625
Tue Mar 29 12:55:35 2022,749,1860,30687
Tue Mar 29 12:55:36 2022,750,1858,30625
Tue Mar 29 12:55:38 2022,751,1852,30625
Tue Mar 29 12:55:40 2022,752,1859,30625
Tue Mar 29 12:55:42 2022,753,1858,30625
Tue Mar 29 12:55:44 2022,754,1858,30625
Tue Mar 29 12:55:46 2022,755,1863,30625
Tue Mar 29 12:55:47 2022,756,1860,30625
Tue Mar 29 12:55:49 2022,757,1858,30625
Tue Mar 29 12:55:51 2022,758,1854,30687
Tue Mar 29 12:55:53 2022,759,1854,30625
Tue Mar 29 12:55:55 2022,760,1855,30625
Tue Mar 29 12:55:56 2022,761,1857,30687
Tue Mar 29 12:55:58 2022,762,1860,30625
Tue Mar 29 12:56:00 2022,763,1863,30625
Tue Mar 29 12:56:02 2022,764,1861,30625
Tue Mar 29 12:56:04 2022,765,1861,30625
Tue Mar 29 12:56:06 2022,766,1859,30625
Tue Mar 29 12:56:07 2022,767,1857,30625
Tue Mar 29 12:56:09 2022,768,1859,30687
Tue Mar 29 12:56:11 2022,769,1861,30687
Tue Mar 29 12:56:13 2022,770,1862,30625
Tue Mar 29 12:56:15 2022,771,1866,30625
Tue Mar 29 12:56:17 2022,772,1861,30687
Tue Mar 29 12:56:18 2022,773,1862,30687
Tue Mar 29 12:56:20 2022,774,1860,30687
Tue Mar 29 12:56:22 2022,775,1858,30625
Tue Mar 29 12:56:24 2022,776,1860,30687
Tue Mar 29 12:56:26 2022,777,1862,30625
Tue Mar 29 12:56:28 2022,778,1867,30687
Tue Mar 29 12:56:29 2022,779,1862,30687
Tue Mar 29 12:56:31 2022,780,1864,30687
Tue Mar 29 12:56:33 2022,781,1860,30687
Tue Mar 29 12:56:35 2022,782,1859,30687
Tue Mar 29 12:56:37 2022,783,1863,30687
Tue Mar 29 12:56:38 2022,784,1864,30687
Tue Mar 29 12:56:40 2022,785,1867,30625
Tue Mar 29 12:56:42 2022,786,1862,30625
Tue Mar 29 12:56:44 2022,787,1861,30625
Tue Mar 29 12:56:46 2022,788,1855,30625
Tue Mar 29 12:56:48 2022,789,1863,30687
Tue Mar 29 12:56:49 2022,790,1865,30625
Tue Mar 29 12:56:51 2022,791,1870,30625
Tue Mar 29 12:56:53 2022,792,1864,30687
Tue Mar 29 12:56:55 2022,793,1866,30687
Tue Mar 29 12:56:57 2022,794,1859,30625
Tue Mar 29 12:56:59 2022,795,1865,30625
Tue Mar 29 12:57:00 2022,796,1866,30625
Tue Mar 29 12:57:02 2022,797,1869,30625
Tue Mar 29 12:57:04 2022,798,1866,30625
Tue Mar 29 12:57:06 2022,799,1864,30625
Tue Mar 29 12:57:08 2022,800,1860,30625
Tue Mar 29 12:57:09 2022,801,1865,30625
Tue Mar 29 12:57:11 2022,802,1869,30625
Tue Mar 29 12:57:13 2022,803,1871,30625
Tue Mar 29 12:57:15 2022,804,1867,30625
Tue Mar 29 12:57:17 2022,805,1863,30625
Tue Mar 29 12:57:19 2022,806,1868,30625
Tue Mar 29 12:57:20 2022,807,1866,30687
Tue Mar 29 12:57:22 2022,808,1870,30625
Tue Mar 29 12:57:24 2022,809,1867,30625
Tue Mar 29 12:57:26 2022,810,1865,30625
Tue Mar 29 12:57:28 2022,811,1866,30625
Tue Mar 29 12:57:30 2022,812,1868,30625
Tue Mar 29 12:57:31 2022,813,1871,30625
Tue Mar 29 12:57:33 2022,814,1872,30625
Tue Mar 29 12:57:35 2022,815,1866,30625
Tue Mar 29 12:57:37 2022,816,1863,30625
Tue Mar 29 12:57:39 2022,817,1863,30625
Tue Mar 29 12:57:40 2022,818,1870,30625
Tue Mar 29 12:57:42 2022,819,1869,30625
Tue Mar 29 12:57:44 2022,820,1875,30625
Tue Mar 29 12:57:46 2022,821,1869,30625
Tue Mar 29 12:57:48 2022,822,1869,30687
Tue Mar 29 12:57:50 2022,823,1860,30687
Tue Mar 29 12:57:51 2022,824,1868,30687
Tue Mar 29 12:57:53 2022,825,1867,30625
Tue Mar 29 12:57:55 2022,826,1873,30687
Tue Mar 29 12:57:57 2022,827,1876,30625
Tue Mar 29 12:57:59 2022,828,1869,30687
Tue Mar 29 12:58:01 2022,829,1870,30625
Tue Mar 29 12:58:02 2022,830,1865,30625
Tue Mar 29 12:58:04 2022,831,1869,30625
Tue Mar 29 12:58:06 2022,832,1869,30625
Tue Mar 29 12:58:08 2022,833,1871,30625
Tue Mar 29 12:58:10 2022,834,1874,30625
Tue Mar 29 12:58:11 2022,835,1870,30625
Tue Mar 29 12:58:13 2022,836,1872,30625
Tue Mar 29 12:58:15 2022,837,1862,30625
Tue Mar 29 12:58:17 2022,838,1871,30625
Tue Mar 29 12:58:19 2022,839,1870,30625
Tue Mar 29 12:58:21 2022,840,1873,30625
Tue Mar 29 12:58:22 2022,841,1873,30625
Tue Mar 29 12:58:24 2022,842,1871,30625
Tue Mar 29 12:58:26 2022,843,1868,30625
Tue Mar 29 12:58:28 2022,844,1862,30625
Tue Mar 29 12:58:30 2022,845,1872,30625
Tue Mar 29 12:58:32 2022,846,1872,30625
Tue Mar 29 12:58:33 2022,847,1874,30625
Tue Mar 29 12:58:35 2022,848,1877,30625
Tue Mar 29 12:58:37 2022,849,1874,30625
Tue Mar 29 12:58:39 2022,850,1872,30625
Tue Mar 29 12:58:41 2022,851,1873,30625
Tue Mar 29 12:58:42 2022,852,1869,30625
Tue Mar 29 12:58:44 2022,853,1874,30625
Tue Mar 29 12:58:46 2022,854,1872,30625
Tue Mar 29 12:58:48 2022,855,1872,30625
Tue Mar 29 12:58:50 2022,856,1875,30625
Tue Mar 29 12:58:52 2022,857,1879,30625
Tue Mar 29 12:58:53 2022,858,1871,30625
Tue Mar 29 12:58:55 2022,859,1874,30625
Tue Mar 29 12:58:57 2022,860,1873,30625
Tue Mar 29 12:58:59 2022,861,1870,30625
Tue Mar 29 12:59:01 2022,862,1867,30625
Tue Mar 29 12:59:03 2022,863,1867,30625
Tue Mar 29 12:59:04 2022,864,1874,30625
Tue Mar 29 12:59:06 2022,865,1875,30625
Tue Mar 29 12:59:08 2022,866,1873,30625
Tue Mar 29 12:59:10 2022,867,1879,30625
Tue Mar 29 12:59:12 2022,868,1880,30625
Tue Mar 29 12:59:13 2022,869,1874,30625
Tue Mar 29 12:59:15 2022,870,1874,30625
Tue Mar 29 12:59:17 2022,871,1876,30625
Tue Mar 29 12:59:19 2022,872,1874,30625
Tue Mar 29 12:59:21 2022,873,1874,30625
Tue Mar 29 12:59:23 2022,874,1871,30625
Tue Mar 29 12:59:24 2022,875,1868,30625
Tue Mar 29 12:59:26 2022,876,1868,30625
Tue Mar 29 12:59:28 2022,877,1874,30687
Tue Mar 29 12:59:30 2022,878,1874,30625
Tue Mar 29 12:59:32 2022,879,1876,30687
Tue Mar 29 12:59:34 2022,880,1874,30625
Tue Mar 29 12:59:35 2022,881,1876,30625
Tue Mar 29 12:59:37 2022,882,1875,30625
Tue Mar 29 12:59:39 2022,883,1875,30687
Tue Mar 29 12:59:41 2022,884,1874,30687
Tue Mar 29 12:59:43 2022,885,1875,30687
Tue Mar 29 12:59:44 2022,886,1866,30687
Tue Mar 29 12:59:46 2022,887,1868,30687
Tue Mar 29 12:59:48 2022,888,1872,30625
Tue Mar 29 12:59:50 2022,889,1873,30625
Tue Mar 29 12:59:52 2022,890,1875,30625
Tue Mar 29 12:59:54 2022,891,1872,30687
Tue Mar 29 12:59:55 2022,892,1874,30687
Tue Mar 29 12:59:57 2022,893,1874,30687
Tue Mar 29 12:59:59 2022,894,1875,30625
Tue Mar 29 13:00:01 2022,895,1879,30687
Tue Mar 29 13:00:03 2022,896,1877,30687
Tue Mar 29 13:00:05 2022,897,1878,30687
Tue Mar 29 13:00:06 2022,898,1879,30687
Tue Mar 29 13:00:08 2022,899,1877,30687
Tue Mar 29 13:00:10 2022,900,1881,30687
Tue Mar 29 13:00:12 2022,901,1884,30687
Tue Mar 29 13:00:14 2022,902,1878,30687
Tue Mar 29 13:00:16 2022,903,1882,30687
Tue Mar 29 13:00:17 2022,904,1882,30687
Tue Mar 29 13:00:19 2022,905,1879,30687
Tue Mar 29 13:00:21 2022,906,1878,30687
Tue Mar 29 13:00:23 2022,907,1879,30687
Tue Mar 29 13:00:25 2022,908,1877,30687
Tue Mar 29 13:00:26 2022,909,1878,30687
Tue Mar 29 13:00:28 2022,910,1870,30687
Tue Mar 29 13:00:30 2022,911,1872,30687
Tue Mar 29 13:00:32 2022,912,1878,30687
Tue Mar 29 13:00:34 2022,913,1880,30687
Tue Mar 29 13:00:36 2022,914,1877,30687
Tue Mar 29 13:00:37 2022,915,1877,30687
Tue Mar 29 13:00:39 2022,916,1879,30687
Tue Mar 29 13:00:41 2022,917,1884,30687
Tue Mar 29 13:00:43 2022,918,1885,30687
Tue Mar 29 13:00:45 2022,919,1879,30687
Tue Mar 29 13:00:47 2022,920,1879,30687
Tue Mar 29 13:00:48 2022,921,1879,30687
Tue Mar 29 13:00:50 2022,922,1872,30687
Tue Mar 29 13:00:52 2022,923,1877,30687
Tue Mar 29 13:00:54 2022,924,1878,30687
Tue Mar 29 13:00:56 2022,925,1880,30687
Tue Mar 29 13:00:57 2022,926,1884,30687
Tue Mar 29 13:00:59 2022,927,1880,30687
Tue Mar 29 13:01:01 2022,928,1879,30687
Tue Mar 29 13:01:03 2022,929,1875,30687
Tue Mar 29 13:01:05 2022,930,1878,30687
Tue Mar 29 13:01:07 2022,931,1880,30687
Tue Mar 29 13:01:08 2022,932,1885,30687
Tue Mar 29 13:01:10 2022,933,1883,30687
Tue Mar 29 13:01:12 2022,934,1881,30687
Tue Mar 29 13:01:14 2022,935,1876,30687
Tue Mar 29 13:01:16 2022,936,1878,30687
Tue Mar 29 13:01:18 2022,937,1879,30687
Tue Mar 29 13:01:19 2022,938,1882,30687
Tue Mar 29 13:01:21 2022,939,1880,30687
Tue Mar 29 13:01:23 2022,940,1879,30687
Tue Mar 29 13:01:25 2022,941,1880,30687
Tue Mar 29 13:01:27 2022,942,1885,30687
Tue Mar 29 13:01:28 2022,943,1882,30687
Tue Mar 29 13:01:30 2022,944,1882,30687
Tue Mar 29 13:01:32 2022,945,1876,30687
Tue Mar 29 13:01:34 2022,946,1882,30687
Tue Mar 29 13:01:36 2022,947,1883,30687
Tue Mar 29 13:01:38 2022,948,1882,30687
Tue Mar 29 13:01:39 2022,949,1880,30687
Tue Mar 29 13:01:41 2022,950,1875,30687
Tue Mar 29 13:01:43 2022,951,1880,30687
Tue Mar 29 13:01:45 2022,952,1880,30687
Tue Mar 29 13:01:47 2022,953,1890,30687
Tue Mar 29 13:01:49 2022,954,1882,30687
Tue Mar 29 13:01:50 2022,955,1882,30687
Tue Mar 29 13:01:52 2022,956,1875,30687
Tue Mar 29 13:01:54 2022,957,1878,30687
Tue Mar 29 13:01:56 2022,958,1881,30687
Tue Mar 29 13:01:58 2022,959,1888,30687
Tue Mar 29 13:01:59 2022,960,1886,30687
Tue Mar 29 13:02:01 2022,961,1880,30687
Tue Mar 29 13:02:03 2022,962,1878,30687
Tue Mar 29 13:02:05 2022,963,1883,30687
Tue Mar 29 13:02:07 2022,964,1882,30687
Tue Mar 29 13:02:09 2022,965,1889,30687
Tue Mar 29 13:02:10 2022,966,1885,30687
Tue Mar 29 13:02:12 2022,967,1881,30687
Tue Mar 29 13:02:14 2022,968,1876,30687
Tue Mar 29 13:02:16 2022,969,1882,30687
Tue Mar 29 13:02:18 2022,970,1883,30750
Tue Mar 29 13:02:20 2022,971,1887,30687
Tue Mar 29 13:02:21 2022,972,1885,30687
Tue Mar 29 13:02:23 2022,973,1883,30687
Tue Mar 29 13:02:25 2022,974,1877,30687
Tue Mar 29 13:02:27 2022,975,1884,30687
Tue Mar 29 13:02:29 2022,976,1884,30687
Tue Mar 29 13:02:30 2022,977,1888,30687
Tue Mar 29 13:02:32 2022,978,1884,30687
Tue Mar 29 13:02:34 2022,979,1884,30687
Tue Mar 29 13:02:36 2022,980,1878,30687
Tue Mar 29 13:02:38 2022,981,1884,30687
Tue Mar 29 13:02:40 2022,982,1883,30687
Tue Mar 29 13:02:41 2022,983,1888,30687
Tue Mar 29 13:02:43 2022,984,1883,30687
Tue Mar 29 13:02:45 2022,985,1885,30687
Tue Mar 29 13:02:47 2022,986,1878,30687
Tue Mar 29 13:02:49 2022,987,1885,30687
Tue Mar 29 13:02:51 2022,988,1886,30687
Tue Mar 29 13:02:52 2022,989,1894,30687
Tue Mar 29 13:02:54 2022,990,1885,30687
Tue Mar 29 13:02:56 2022,991,1885,30687
Tue Mar 29 13:02:58 2022,992,1879,30687
Tue Mar 29 13:03:00 2022,993,1883,30687
Tue Mar 29 13:03:01 2022,994,1885,30687
Tue Mar 29 13:03:03 2022,995,1890,30687
Tue Mar 29 13:03:05 2022,996,1886,30687
Tue Mar 29 13:03:07 2022,997,1884,30687
Tue Mar 29 13:03:09 2022,998,1885,30687
Tue Mar 29 13:03:11 2022,999,1879,30687
Tue Mar 29 13:03:12 2022,1000,1886,30687
Tue Mar 29 13:03:14 2022,1001,1886,30687
Tue Mar 29 13:03:16 2022,1002,1891,30687
Tue Mar 29 13:03:18 2022,1003,1887,30625
Tue Mar 29 13:03:20 2022,1004,1883,30687
Tue Mar 29 13:03:22 2022,1005,1880,30687
Tue Mar 29 13:03:23 2022,1006,1883,30687
Tue Mar 29 13:03:25 2022,1007,1887,30687
Tue Mar 29 13:03:27 2022,1008,1895,30687
Tue Mar 29 13:03:29 2022,1009,1887,30687
Tue Mar 29 13:03:31 2022,1010,1886,30687
Tue Mar 29 13:03:32 2022,1011,1882,30687
Tue Mar 29 13:03:34 2022,1012,1885,30687
Tue Mar 29 13:03:36 2022,1013,1894,30687
Tue Mar 29 13:03:38 2022,1014,1889,30687
Tue Mar 29 13:03:40 2022,1015,1887,30687
Tue Mar 29 13:03:42 2022,1016,1881,30687
Tue Mar 29 13:03:43 2022,1017,1884,30687
Tue Mar 29 13:03:45 2022,1018,1886,30687
Tue Mar 29 13:03:47 2022,1019,1892,30687
Tue Mar 29 13:03:49 2022,1020,1884,30687
Tue Mar 29 13:03:51 2022,1021,1887,30687
Tue Mar 29 13:03:53 2022,1022,1882,30687
Tue Mar 29 13:03:54 2022,1023,1884,30687
Tue Mar 29 13:03:56 2022,1024,1887,30687
Tue Mar 29 13:03:58 2022,1025,1894,30687
Tue Mar 29 13:04:00 2022,1026,1888,30687
Tue Mar 29 13:04:02 2022,1027,1885,30687
Tue Mar 29 13:04:04 2022,1028,1879,30687
Tue Mar 29 13:04:05 2022,1029,1885,30687
Tue Mar 29 13:04:07 2022,1030,1887,30687
Tue Mar 29 13:04:09 2022,1031,1888,30687
Tue Mar 29 13:04:11 2022,1032,1892,30687
Tue Mar 29 13:04:13 2022,1033,1893,30687
Tue Mar 29 13:04:14 2022,1034,1886,30687
Tue Mar 29 13:04:16 2022,1035,1887,30687
Tue Mar 29 13:04:18 2022,1036,1881,30687
Tue Mar 29 13:04:20 2022,1037,1882,30687
Tue Mar 29 13:04:22 2022,1038,1888,30687
Tue Mar 29 13:04:24 2022,1039,1887,30687
Tue Mar 29 13:04:25 2022,1040,1895,30687
Tue Mar 29 13:04:27 2022,1041,1892,30687
Tue Mar 29 13:04:29 2022,1042,1886,30687
Tue Mar 29 13:04:31 2022,1043,1887,30687
Tue Mar 29 13:04:33 2022,1044,1883,30687
Tue Mar 29 13:04:35 2022,1045,1883,30687
Tue Mar 29 13:04:36 2022,1046,1884,30687
Tue Mar 29 13:04:38 2022,1047,1887,30687
Tue Mar 29 13:04:40 2022,1048,1888,30687
Tue Mar 29 13:04:42 2022,1049,1894,30687
Tue Mar 29 13:04:44 2022,1050,1892,30687
Tue Mar 29 13:04:45 2022,1051,1885,30687
Tue Mar 29 13:04:47 2022,1052,1888,30687
Tue Mar 29 13:04:49 2022,1053,1888,30687
Tue Mar 29 13:04:51 2022,1054,1882,30687
Tue Mar 29 13:04:53 2022,1055,1882,30687
Tue Mar 29 13:04:55 2022,1056,1888,30687
Tue Mar 29 13:04:56 2022,1057,1887,30687
Tue Mar 29 13:04:58 2022,1058,1895,30687
Tue Mar 29 13:05:00 2022,1059,1892,30687
Tue Mar 29 13:05:02 2022,1060,1890,30687
Tue Mar 29 13:05:04 2022,1061,1889,30687
Tue Mar 29 13:05:06 2022,1062,1883,30687
Tue Mar 29 13:05:07 2022,1063,1885,30687
Tue Mar 29 13:05:09 2022,1064,1889,30687
Tue Mar 29 13:05:11 2022,1065,1897,30687
Tue Mar 29 13:05:13 2022,1066,1890,30687
Tue Mar 29 13:05:15 2022,1067,1890,30687
Tue Mar 29 13:05:16 2022,1068,1890,30687
Tue Mar 29 13:05:18 2022,1069,1883,30687
Tue Mar 29 13:05:20 2022,1070,1890,30687
Tue Mar 29 13:05:22 2022,1071,1889,30687
Tue Mar 29 13:05:24 2022,1072,1898,30687
Tue Mar 29 13:05:26 2022,1073,1893,30687
Tue Mar 29 13:05:27 2022,1074,1890,30687
Tue Mar 29 13:05:29 2022,1075,1889,30687
Tue Mar 29 13:05:31 2022,1076,1883,30687
Tue Mar 29 13:05:33 2022,1077,1889,30687
Tue Mar 29 13:05:35 2022,1078,1889,30687
Tue Mar 29 13:05:37 2022,1079,1894,30687
Tue Mar 29 13:05:38 2022,1080,1894,30687
Tue Mar 29 13:05:40 2022,1081,1890,30687
Tue Mar 29 13:05:42 2022,1082,1888,30687
Tue Mar 29 13:05:44 2022,1083,1883,30687
Tue Mar 29 13:05:46 2022,1084,1890,30687
Tue Mar 29 13:05:47 2022,1085,1889,30687
Tue Mar 29 13:05:49 2022,1086,1889,30687
Tue Mar 29 13:05:51 2022,1087,1897,30687
Tue Mar 29 13:05:53 2022,1088,1892,30687
Tue Mar 29 13:05:55 2022,1089,1891,30687
Tue Mar 29 13:05:57 2022,1090,1887,30687
Tue Mar 29 13:05:58 2022,1091,1883,30687
Tue Mar 29 13:06:00 2022,1092,1885,30687
Tue Mar 29 13:06:02 2022,1093,1888,30687
Tue Mar 29 13:06:04 2022,1094,1892,30687
Tue Mar 29 13:06:06 2022,1095,1890,30687
Tue Mar 29 13:06:08 2022,1096,1891,30687
Tue Mar 29 13:06:09 2022,1097,1901,30687
Tue Mar 29 13:06:11 2022,1098,1897,30687
Tue Mar 29 13:06:13 2022,1099,1894,30687
Tue Mar 29 13:06:15 2022,1100,1891,30687
Tue Mar 29 13:06:17 2022,1101,1890,30687
Tue Mar 29 13:06:18 2022,1102,1892,30687
Tue Mar 29 13:06:20 2022,1103,1889,30687
Tue Mar 29 13:06:22 2022,1104,1891,30687
Tue Mar 29 13:06:24 2022,1105,1880,30687
Tue Mar 29 13:06:26 2022,1106,1883,30687
Tue Mar 29 13:06:28 2022,1107,1886,30687
Tue Mar 29 13:06:29 2022,1108,1888,30687
Tue Mar 29 13:06:31 2022,1109,1891,30687
Tue Mar 29 13:06:33 2022,1110,1890,30687
Tue Mar 29 13:06:35 2022,1111,1891,30687
Tue Mar 29 13:06:37 2022,1112,1893,30687
Tue Mar 29 13:06:39 2022,1113,1893,30687
Tue Mar 29 13:06:40 2022,1114,1897,30687
Tue Mar 29 13:06:42 2022,1115,1895,30687
Tue Mar 29 13:06:44 2022,1116,1899,30687
Tue Mar 29 13:06:46 2022,1117,1897,30687
Tue Mar 29 13:06:48 2022,1118,1892,30687
Tue Mar 29 13:06:49 2022,1119,1892,30687
Tue Mar 29 13:06:51 2022,1120,1893,30687
Tue Mar 29 13:06:53 2022,1121,1892,30687
Tue Mar 29 13:06:55 2022,1122,1892,30687
Tue Mar 29 13:06:57 2022,1123,1891,30687
Tue Mar 29 13:06:59 2022,1124,1890,30687
Tue Mar 29 13:07:00 2022,1125,1882,30687
Tue Mar 29 13:07:02 2022,1126,1883,30687
Tue Mar 29 13:07:04 2022,1127,1884,30687
Tue Mar 29 13:07:06 2022,1128,1885,30687
Tue Mar 29 13:07:08 2022,1129,1886,30687
Tue Mar 29 13:07:10 2022,1130,1886,30687
Tue Mar 29 13:07:11 2022,1131,1888,30687
Tue Mar 29 13:07:13 2022,1132,1885,30687
Tue Mar 29 13:07:15 2022,1133,1888,30687
Tue Mar 29 13:07:17 2022,1134,1889,30687
Tue Mar 29 13:07:19 2022,1135,1890,30687
Tue Mar 29 13:07:20 2022,1136,1891,30687
Tue Mar 29 13:07:22 2022,1137,1891,30687
Tue Mar 29 13:07:24 2022,1138,1893,30687
Tue Mar 29 13:07:26 2022,1139,1891,30687
Tue Mar 29 13:07:28 2022,1140,1891,30687
Tue Mar 29 13:07:30 2022,1141,1893,30687
Tue Mar 29 13:07:31 2022,1142,1899,30687
Tue Mar 29 13:07:33 2022,1143,1901,30687
Tue Mar 29 13:07:35 2022,1144,1900,30687
Tue Mar 29 13:07:37 2022,1145,1900,30687
Tue Mar 29 13:07:39 2022,1146,1893,30687
Tue Mar 29 13:07:41 2022,1147,1894,30687
Tue Mar 29 13:07:42 2022,1148,1892,30687
Tue Mar 29 13:07:44 2022,1149,1892,30687
Tue Mar 29 13:07:46 2022,1150,1892,30687
Tue Mar 29 13:07:48 2022,1151,1894,30687
Tue Mar 29 13:07:50 2022,1152,1892,30687
Tue Mar 29 13:07:52 2022,1153,1894,30687
Tue Mar 29 13:07:53 2022,1154,1891,30687
Tue Mar 29 13:07:55 2022,1155,1892,30687
Tue Mar 29 13:07:57 2022,1156,1891,30687
Tue Mar 29 13:07:59 2022,1157,1886,30687
Tue Mar 29 13:08:01 2022,1158,1882,30687
Tue Mar 29 13:08:02 2022,1159,1887,30687
Tue Mar 29 13:08:04 2022,1160,1884,30687
Tue Mar 29 13:08:06 2022,1161,1888,30687
Tue Mar 29 13:08:08 2022,1162,1890,30687
Tue Mar 29 13:08:10 2022,1163,1891,30687
Tue Mar 29 13:08:12 2022,1164,1894,30687
Tue Mar 29 13:08:13 2022,1165,1892,30687
Tue Mar 29 13:08:15 2022,1166,1892,30687
Tue Mar 29 13:08:17 2022,1167,1894,30687
Tue Mar 29 13:08:19 2022,1168,1894,30687
Tue Mar 29 13:08:21 2022,1169,1893,30687
Tue Mar 29 13:08:23 2022,1170,1897,30687
Tue Mar 29 13:08:24 2022,1171,1900,30687
Tue Mar 29 13:08:26 2022,1172,1901,30687
Tue Mar 29 13:08:28 2022,1173,1900,30687
Tue Mar 29 13:08:30 2022,1174,1900,30687
Tue Mar 29 13:08:32 2022,1175,1898,30687
Tue Mar 29 13:08:33 2022,1176,1899,30687
Tue Mar 29 13:08:35 2022,1177,1895,30687
Tue Mar 29 13:08:37 2022,1178,1892,30687
Tue Mar 29 13:08:39 2022,1179,1896,30687
Tue Mar 29 13:08:41 2022,1180,1893,30687
Tue Mar 29 13:08:43 2022,1181,1894,30687
Tue Mar 29 13:08:44 2022,1182,1892,30687
Tue Mar 29 13:08:46 2022,1183,1891,30687
Tue Mar 29 13:08:48 2022,1184,1893,30687
Tue Mar 29 13:08:50 2022,1185,1895,30687
Tue Mar 29 13:08:52 2022,1186,1894,30687
Tue Mar 29 13:08:54 2022,1187,1894,30687
Tue Mar 29 13:08:55 2022,1188,1893,30687
Tue Mar 29 13:08:57 2022,1189,1894,30687
Tue Mar 29 13:08:59 2022,1190,1893,30687
Tue Mar 29 13:09:01 2022,1191,1894,30687
Tue Mar 29 13:09:03 2022,1192,1882,30687
Tue Mar 29 13:09:04 2022,1193,1884,30687
Tue Mar 29 13:09:06 2022,1194,1886,30687
Tue Mar 29 13:09:08 2022,1195,1884,30687
Tue Mar 29 13:09:10 2022,1196,1886,30687
Tue Mar 29 13:09:12 2022,1197,1889,30687
Tue Mar 29 13:09:14 2022,1198,1887,30687
Tue Mar 29 13:09:15 2022,1199,1894,30687
Tue Mar 29 13:09:17 2022,1200,1894,30687
Tue Mar 29 13:09:19 2022,1201,1893,30687
Tue Mar 29 13:09:21 2022,1202,1892,30687
Tue Mar 29 13:09:23 2022,1203,1893,30687
Tue Mar 29 13:09:25 2022,1204,1891,30687
Tue Mar 29 13:09:26 2022,1205,1891,30687
Tue Mar 29 13:09:28 2022,1206,1891,30687
Tue Mar 29 13:09:30 2022,1207,1892,30687
Tue Mar 29 13:09:32 2022,1208,1894,30687
Tue Mar 29 13:09:34 2022,1209,1893,30687
Tue Mar 29 13:09:35 2022,1210,1891,30687
Tue Mar 29 13:09:37 2022,1211,1887,30687
Tue Mar 29 13:09:39 2022,1212,1886,30687
Tue Mar 29 13:09:41 2022,1213,1885,30687
Tue Mar 29 13:09:43 2022,1214,1894,30687
Tue Mar 29 13:09:45 2022,1215,1892,30687
Tue Mar 29 13:09:46 2022,1216,1894,30687
Tue Mar 29 13:09:48 2022,1217,1893,30687
Tue Mar 29 13:09:50 2022,1218,1892,30687
Tue Mar 29 13:09:52 2022,1219,1898,30687
Tue Mar 29 13:09:54 2022,1220,1898,30687
Tue Mar 29 13:09:56 2022,1221,1901,30687
Tue Mar 29 13:09:57 2022,1222,1894,30687
Tue Mar 29 13:09:59 2022,1223,1897,30687
Tue Mar 29 13:10:01 2022,1224,1890,30687
Tue Mar 29 13:10:03 2022,1225,1892,30687
Tue Mar 29 13:10:05 2022,1226,1891,30687
Tue Mar 29 13:10:06 2022,1227,1891,30687
Tue Mar 29 13:10:08 2022,1228,1887,30687
Tue Mar 29 13:10:10 2022,1229,1886,30687
Tue Mar 29 13:10:12 2022,1230,1881,30687
Tue Mar 29 13:10:14 2022,1231,1880,30687
Tue Mar 29 13:10:16 2022,1232,1891,30687
Tue Mar 29 13:10:17 2022,1233,1890,30687
Tue Mar 29 13:10:19 2022,1234,1890,30687
Tue Mar 29 13:10:21 2022,1235,1893,30687
Tue Mar 29 13:10:23 2022,1236,1895,30687
Tue Mar 29 13:10:25 2022,1237,1900,30687
Tue Mar 29 13:10:27 2022,1238,1896,30687
Tue Mar 29 13:10:28 2022,1239,1891,30687
Tue Mar 29 13:10:30 2022,1240,1889,30687
Tue Mar 29 13:10:32 2022,1241,1890,30687
Tue Mar 29 13:10:34 2022,1242,1888,30687
Tue Mar 29 13:10:36 2022,1243,1885,30687
Tue Mar 29 13:10:37 2022,1244,1881,30687
Tue Mar 29 13:10:39 2022,1245,1881,30687
Tue Mar 29 13:10:41 2022,1246,1888,30687
Tue Mar 29 13:10:43 2022,1247,1889,30687
Tue Mar 29 13:10:45 2022,1248,1891,30687
Tue Mar 29 13:10:47 2022,1249,1889,30687
Tue Mar 29 13:10:48 2022,1250,1891,30687
Tue Mar 29 13:10:50 2022,1251,1890,30687
Tue Mar 29 13:10:52 2022,1252,1889,30687
Tue Mar 29 13:10:54 2022,1253,1889,30687
Tue Mar 29 13:10:56 2022,1254,1888,30687
Tue Mar 29 13:10:58 2022,1255,1878,30687
Tue Mar 29 13:10:59 2022,1256,1878,30687
Tue Mar 29 13:11:01 2022,1257,1882,30687
Tue Mar 29 13:11:03 2022,1258,1885,30687
Tue Mar 29 13:11:05 2022,1259,1886,30687
Tue Mar 29 13:11:07 2022,1260,1886,30687
Tue Mar 29 13:11:08 2022,1261,1890,30687
Tue Mar 29 13:11:10 2022,1262,1889,30687
Tue Mar 29 13:11:12 2022,1263,1888,30687
Tue Mar 29 13:11:14 2022,1264,1889,30687
Tue Mar 29 13:11:16 2022,1265,1889,30687
Tue Mar 29 13:11:18 2022,1266,1888,30687
Tue Mar 29 13:11:19 2022,1267,1890,30687
Tue Mar 29 13:11:21 2022,1268,1888,30687
Tue Mar 29 13:11:23 2022,1269,1890,30687
Tue Mar 29 13:11:25 2022,1270,1898,30687
Tue Mar 29 13:11:27 2022,1271,1896,30687
Tue Mar 29 13:11:29 2022,1272,1900,30687
Tue Mar 29 13:11:30 2022,1273,1900,30687
Tue Mar 29 13:11:32 2022,1274,1898,30687
Tue Mar 29 13:11:34 2022,1275,1895,30687
Tue Mar 29 13:11:36 2022,1276,1894,30687
Tue Mar 29 13:11:38 2022,1277,1894,30687
Tue Mar 29 13:11:40 2022,1278,1891,30687
Tue Mar 29 13:11:41 2022,1279,1890,30687
Tue Mar 29 13:11:43 2022,1280,1889,30687
Tue Mar 29 13:11:45 2022,1281,1889,30687
Tue Mar 29 13:11:47 2022,1282,1889,30687
Tue Mar 29 13:11:49 2022,1283,1888,30687
Tue Mar 29 13:11:50 2022,1284,1894,30687
Tue Mar 29 13:11:52 2022,1285,1889,30687
Tue Mar 29 13:11:54 2022,1286,1889,30687
Tue Mar 29 13:11:56 2022,1287,1890,30687
Tue Mar 29 13:11:58 2022,1288,1892,30687
Tue Mar 29 13:12:00 2022,1289,1891,30687
Tue Mar 29 13:12:01 2022,1290,1893,30687
Tue Mar 29 13:12:03 2022,1291,1895,30625
Tue Mar 29 13:12:05 2022,1292,1895,30687
Tue Mar 29 13:12:07 2022,1293,1895,30687
Tue Mar 29 13:12:09 2022,1294,1896,30687
Tue Mar 29 13:12:11 2022,1295,1895,30687
Tue Mar 29 13:12:12 2022,1296,1900,30687
Tue Mar 29 13:12:14 2022,1297,1898,30625
Tue Mar 29 13:12:16 2022,1298,1899,30625
Tue Mar 29 13:12:18 2022,1299,1901,30625
Tue Mar 29 13:12:20 2022,1300,1899,30625
Tue Mar 29 13:12:21 2022,1301,1898,30625
Tue Mar 29 13:12:23 2022,1302,1900,30625
Tue Mar 29 13:12:25 2022,1303,1897,30625
Tue Mar 29 13:12:27 2022,1304,1898,30625
Tue Mar 29 13:12:29 2022,1305,1897,30625
Tue Mar 29 13:12:31 2022,1306,1900,30625
Tue Mar 29 13:12:32 2022,1307,1902,30625
Tue Mar 29 13:12:34 2022,1308,1900,30625
Tue Mar 29 13:12:36 2022,1309,1899,30625
Tue Mar 29 13:12:38 2022,1310,1900,30625
Tue Mar 29 13:12:40 2022,1311,1898,30625
Tue Mar 29 13:12:42 2022,1312,1896,30625
Tue Mar 29 13:12:43 2022,1313,1895,30625
Tue Mar 29 13:12:45 2022,1314,1894,30625
Tue Mar 29 13:12:47 2022,1315,1891,30562
Tue Mar 29 13:12:49 2022,1316,1891,30625
Tue Mar 29 13:12:51 2022,1317,1893,30562
Tue Mar 29 13:12:52 2022,1318,1891,30625
Tue Mar 29 13:12:54 2022,1319,1890,30562
Tue Mar 29 13:12:56 2022,1320,1891,30562
Tue Mar 29 13:12:58 2022,1321,1890,30562
Tue Mar 29 13:13:00 2022,1322,1890,30562
Tue Mar 29 13:13:02 2022,1323,1889,30562
Tue Mar 29 13:13:03 2022,1324,1887,30562
Tue Mar 29 13:13:05 2022,1325,1887,30562
Tue Mar 29 13:13:07 2022,1326,1885,30562
Tue Mar 29 13:13:09 2022,1327,1884,30562
Tue Mar 29 13:13:11 2022,1328,1887,30562
Tue Mar 29 13:13:13 2022,1329,1885,30500
Tue Mar 29 13:13:14 2022,1330,1891,30500
Tue Mar 29 13:13:16 2022,1331,1890,30500
Tue Mar 29 13:13:18 2022,1332,1891,30500
Tue Mar 29 13:13:20 2022,1333,1891,30500
Tue Mar 29 13:13:22 2022,1334,1891,30500
Tue Mar 29 13:13:23 2022,1335,1890,30500
Tue Mar 29 13:13:25 2022,1336,1890,30500
Tue Mar 29 13:13:27 2022,1337,1891,30500
Tue Mar 29 13:13:29 2022,1338,1891,30500
Tue Mar 29 13:13:31 2022,1339,1892,30500
Tue Mar 29 13:13:33 2022,1340,1891,30437
Tue Mar 29 13:13:34 2022,1341,1894,30437
Tue Mar 29 13:13:36 2022,1342,1891,30500
Tue Mar 29 13:13:38 2022,1343,1892,30500
Tue Mar 29 13:13:40 2022,1344,1893,30437
Tue Mar 29 13:13:42 2022,1345,1892,30437
Tue Mar 29 13:13:44 2022,1346,1894,30437
Tue Mar 29 13:13:45 2022,1347,1893,30437
Tue Mar 29 13:13:47 2022,1348,1894,30437
Tue Mar 29 13:13:49 2022,1349,1895,30437
Tue Mar 29 13:13:51 2022,1350,1896,30437
Tue Mar 29 13:13:53 2022,1351,1895,30437
Tue Mar 29 13:13:54 2022,1352,1896,30437
Tue Mar 29 13:13:56 2022,1353,1895,30437
Tue Mar 29 13:13:58 2022,1354,1896,30437
Tue Mar 29 13:14:00 2022,1355,1894,30437
Tue Mar 29 13:14:02 2022,1356,1897,30437
Tue Mar 29 13:14:04 2022,1357,1895,30375
Tue Mar 29 13:14:05 2022,1358,1892,30375
Tue Mar 29 13:14:07 2022,1359,1894,30375
Tue Mar 29 13:14:09 2022,1360,1894,30375
Tue Mar 29 13:14:11 2022,1361,1892,30375
Tue Mar 29 13:14:13 2022,1362,1892,30375
Tue Mar 29 13:14:15 2022,1363,1892,30375
Tue Mar 29 13:14:16 2022,1364,1889,30375
Tue Mar 29 13:14:18 2022,1365,1889,30375
Tue Mar 29 13:14:20 2022,1366,1889,30375
Tue Mar 29 13:14:22 2022,1367,1892,30375
Tue Mar 29 13:14:24 2022,1368,1891,30375
Tue Mar 29 13:14:25 2022,1369,1891,30375
Tue Mar 29 13:14:27 2022,1370,1889,30375
Tue Mar 29 13:14:29 2022,1371,1891,30312
Tue Mar 29 13:14:31 2022,1372,1891,30312
Tue Mar 29 13:14:33 2022,1373,1889,30312
Tue Mar 29 13:14:35 2022,1374,1890,30312
Tue Mar 29 13:14:36 2022,1375,1889,30312
Tue Mar 29 13:14:38 2022,1376,1882,30312
Tue Mar 29 13:14:40 2022,1377,1882,30312
Tue Mar 29 13:14:42 2022,1378,1884,30312
Tue Mar 29 13:14:44 2022,1379,1887,30312
Tue Mar 29 13:14:46 2022,1380,1888,30312
Tue Mar 29 13:14:47 2022,1381,1890,30312
Tue Mar 29 13:14:49 2022,1382,1889,30312
Tue Mar 29 13:14:51 2022,1383,1892,30312
Tue Mar 29 13:14:53 2022,1384,1890,30250
Tue Mar 29 13:14:55 2022,1385,1890,30250
Tue Mar 29 13:14:56 2022,1386,1890,30250
Tue Mar 29 13:14:58 2022,1387,1889,30250
Tue Mar 29 13:15:00 2022,1388,1890,30250
Tue Mar 29 13:15:02 2022,1389,1890,30250
Tue Mar 29 13:15:04 2022,1390,1891,30250
Tue Mar 29 13:15:06 2022,1391,1891,30250
Tue Mar 29 13:15:07 2022,1392,1892,30250
Tue Mar 29 13:15:09 2022,1393,1892,30250
Tue Mar 29 13:15:11 2022,1394,1893,30250
Tue Mar 29 13:15:13 2022,1395,1894,30250
Tue Mar 29 13:15:15 2022,1396,1893,30250
Tue Mar 29 13:15:17 2022,1397,1890,30187
Tue Mar 29 13:15:18 2022,1398,1890,30250
Tue Mar 29 13:15:20 2022,1399,1890,30250
Tue Mar 29 13:15:22 2022,1400,1889,30250
Tue Mar 29 13:15:24 2022,1401,1889,30250
Tue Mar 29 13:15:26 2022,1402,1890,30250
Tue Mar 29 13:15:28 2022,1403,1890,30187
Tue Mar 29 13:15:29 2022,1404,1889,30187
Tue Mar 29 13:15:31 2022,1405,1889,30187
Tue Mar 29 13:15:33 2022,1406,1890,30187
Tue Mar 29 13:15:35 2022,1407,1889,30187
Tue Mar 29 13:15:37 2022,1408,1889,30187
Tue Mar 29 13:15:38 2022,1409,1889,30187
Tue Mar 29 13:15:40 2022,1410,1889,30187
Tue Mar 29 13:15:42 2022,1411,1889,30187
Tue Mar 29 13:15:44 2022,1412,1890,30187
Tue Mar 29 13:15:46 2022,1413,1887,30187
Tue Mar 29 13:15:48 2022,1414,1887,30187
Tue Mar 29 13:15:49 2022,1415,1885,30187
Tue Mar 29 13:15:51 2022,1416,1882,30187
Tue Mar 29 13:15:53 2022,1417,1880,30125
Tue Mar 29 13:15:55 2022,1418,1889,30125
Tue Mar 29 13:15:57 2022,1419,1890,30125
Tue Mar 29 13:15:59 2022,1420,1889,30125
Tue Mar 29 13:16:00 2022,1421,1889,30125
Tue Mar 29 13:16:02 2022,1422,1889,30125
Tue Mar 29 13:16:04 2022,1423,1890,30125
Tue Mar 29 13:16:06 2022,1424,1892,30125
Tue Mar 29 13:16:08 2022,1425,1893,30125
Tue Mar 29 13:16:09 2022,1426,1894,30125
Tue Mar 29 13:16:11 2022,1427,1894,30125
Tue Mar 29 13:16:13 2022,1428,1893,30125
Tue Mar 29 13:16:15 2022,1429,1889,30125
Tue Mar 29 13:16:17 2022,1430,1890,30125
Tue Mar 29 13:16:19 2022,1431,1891,30125
Tue Mar 29 13:16:20 2022,1432,1890,30125
Tue Mar 29 13:16:22 2022,1433,1889,30125
Tue Mar 29 13:16:24 2022,1434,1886,30125
Tue Mar 29 13:16:26 2022,1435,1881,30125
Tue Mar 29 13:16:28 2022,1436,1890,30062
Tue Mar 29 13:16:30 2022,1437,1889,30062
Tue Mar 29 13:16:31 2022,1438,1888,30062
Tue Mar 29 13:16:33 2022,1439,1893,30062
Tue Mar 29 13:16:35 2022,1440,1897,30062
Tue Mar 29 13:16:37 2022,1441,1893,30062
Tue Mar 29 13:16:39 2022,1442,1890,30062
Tue Mar 29 13:16:40 2022,1443,1889,30062
Tue Mar 29 13:16:42 2022,1444,1888,30062
Tue Mar 29 13:16:44 2022,1445,1885,30062
Tue Mar 29 13:16:46 2022,1446,1880,30062
Tue Mar 29 13:16:48 2022,1447,1889,30062
Tue Mar 29 13:16:50 2022,1448,1890,30062
Tue Mar 29 13:16:51 2022,1449,1895,30062
Tue Mar 29 13:16:53 2022,1450,1894,30062
Tue Mar 29 13:16:55 2022,1451,1888,30062
Tue Mar 29 13:16:57 2022,1452,1889,30062
Tue Mar 29 13:16:59 2022,1453,1889,30062
Tue Mar 29 13:17:01 2022,1454,1884,30062
Tue Mar 29 13:17:02 2022,1455,1890,30062
Tue Mar 29 13:17:04 2022,1456,1889,30062
Tue Mar 29 13:17:06 2022,1457,1891,30062
Tue Mar 29 13:17:08 2022,1458,1896,30062
Tue Mar 29 13:17:10 2022,1459,1893,30062
Tue Mar 29 13:17:11 2022,1460,1890,30062
Tue Mar 29 13:17:13 2022,1461,1889,30062
Tue Mar 29 13:17:15 2022,1462,1886,30062
Tue Mar 29 13:17:17 2022,1463,1880,30062
Tue Mar 29 13:17:19 2022,1464,1889,30062
Tue Mar 29 13:17:21 2022,1465,1890,30000
Tue Mar 29 13:17:22 2022,1466,1892,30000
Tue Mar 29 13:17:24 2022,1467,1895,30000
Tue Mar 29 13:17:26 2022,1468,1889,30000
Tue Mar 29 13:17:28 2022,1469,1890,30000
Tue Mar 29 13:17:30 2022,1470,1889,30000
Tue Mar 29 13:17:32 2022,1471,1885,30000
Tue Mar 29 13:17:33 2022,1472,1888,30000
Tue Mar 29 13:17:35 2022,1473,1890,30000
Tue Mar 29 13:17:37 2022,1474,1890,30000
Tue Mar 29 13:17:39 2022,1475,1896,30000
Tue Mar 29 13:17:41 2022,1476,1890,30000
Tue Mar 29 13:17:42 2022,1477,1889,30000
Tue Mar 29 13:17:44 2022,1478,1888,30000
Tue Mar 29 13:17:46 2022,1479,1884,30000
Tue Mar 29 13:17:48 2022,1480,1888,30000
Tue Mar 29 13:17:50 2022,1481,1889,30000
Tue Mar 29 13:17:52 2022,1482,1892,30000
Tue Mar 29 13:17:53 2022,1483,1894,30000
Tue Mar 29 13:17:55 2022,1484,1890,30000
Tue Mar 29 13:17:57 2022,1485,1890,30000
Tue Mar 29 13:17:59 2022,1486,1884,30000
Tue Mar 29 13:18:01 2022,1487,1889,30000
Tue Mar 29 13:18:03 2022,1488,1889,29937
Tue Mar 29 13:18:04 2022,1489,1894,29937
Tue Mar 29 13:18:06 2022,1490,1889,30000
Tue Mar 29 13:18:08 2022,1491,1889,30000
Tue Mar 29 13:18:10 2022,1492,1882,29937
Tue Mar 29 13:18:12 2022,1493,1890,29937
Tue Mar 29 13:18:13 2022,1494,1893,29937
Tue Mar 29 13:18:15 2022,1495,1889,29937
Tue Mar 29 13:18:17 2022,1496,1890,29937
Tue Mar 29 13:18:20 2022,1497,1895,29937
Tue Mar 29 13:18:22 2022,1498,1889,29937
Tue Mar 29 13:18:23 2022,1499,1888,29937
Tue Mar 29 13:18:25 2022,1500,1880,29937
Tue Mar 29 13:18:27 2022,1501,1888,29937
Tue Mar 29 13:18:29 2022,1502,1895,29937
Tue Mar 29 13:18:31 2022,1503,1889,29937
Tue Mar 29 13:18:33 2022,1504,1888,29937
Tue Mar 29 13:18:34 2022,1505,1880,29937
Tue Mar 29 13:18:36 2022,1506,1889,29937
Tue Mar 29 13:18:38 2022,1507,1897,29937
Tue Mar 29 13:18:40 2022,1508,1889,29937
Tue Mar 29 13:18:42 2022,1509,1888,29937
Tue Mar 29 13:18:44 2022,1510,1879,29937
Tue Mar 29 13:18:45 2022,1511,1889,29937
Tue Mar 29 13:18:47 2022,1512,1894,29937
Tue Mar 29 13:18:49 2022,1513,1889,29937
Tue Mar 29 13:18:51 2022,1514,1888,29937
Tue Mar 29 13:18:53 2022,1515,1889,29937
Tue Mar 29 13:18:54 2022,1516,1891,29937
Tue Mar 29 13:18:56 2022,1517,1892,29937
Tue Mar 29 13:18:58 2022,1518,1889,29937
Tue Mar 29 13:19:00 2022,1519,1885,29937
Tue Mar 29 13:19:02 2022,1520,1888,29937
Tue Mar 29 13:19:04 2022,1521,1892,29937
Tue Mar 29 13:19:05 2022,1522,1888,29937
Tue Mar 29 13:19:07 2022,1523,1887,29937
Tue Mar 29 13:19:09 2022,1524,1879,29937
Tue Mar 29 13:19:11 2022,1525,1888,29937
Tue Mar 29 13:19:13 2022,1526,1893,29937
Tue Mar 29 13:19:15 2022,1527,1890,29937
Tue Mar 29 13:19:16 2022,1528,1880,29937
Tue Mar 29 13:19:18 2022,1529,1888,29937
Tue Mar 29 13:19:20 2022,1530,1891,29937
Tue Mar 29 13:19:22 2022,1531,1887,29937
Tue Mar 29 13:19:24 2022,1532,1880,29937
Tue Mar 29 13:19:25 2022,1533,1891,29937
Tue Mar 29 13:19:27 2022,1534,1889,29937
Tue Mar 29 13:19:29 2022,1535,1890,29937
Tue Mar 29 13:19:31 2022,1536,1889,29937
Tue Mar 29 13:19:33 2022,1537,1897,29937
Tue Mar 29 13:19:35 2022,1538,1888,29937
Tue Mar 29 13:19:36 2022,1539,1885,29937
Tue Mar 29 13:19:38 2022,1540,1889,29937
Tue Mar 29 13:19:40 2022,1541,1893,29937
Tue Mar 29 13:19:42 2022,1542,1889,29937
Tue Mar 29 13:19:44 2022,1543,1879,29937
Tue Mar 29 13:19:46 2022,1544,1890,29875
Tue Mar 29 13:19:47 2022,1545,1888,29875
Tue Mar 29 13:19:49 2022,1546,1889,29875
Tue Mar 29 13:19:51 2022,1547,1889,29875
Tue Mar 29 13:19:53 2022,1548,1896,29937
Tue Mar 29 13:19:55 2022,1549,1889,29937
Tue Mar 29 13:19:56 2022,1550,1879,29875
Tue Mar 29 13:19:58 2022,1551,1889,29937
Tue Mar 29 13:20:00 2022,1552,1889,29875
Tue Mar 29 13:20:02 2022,1553,1888,29875
Tue Mar 29 13:20:04 2022,1554,1888,29937
Tue Mar 29 13:20:06 2022,1555,1896,29875
Tue Mar 29 13:20:07 2022,1556,1890,29875
Tue Mar 29 13:20:09 2022,1557,1881,29875
Tue Mar 29 13:20:11 2022,1558,1888,29875
Tue Mar 29 13:20:13 2022,1559,1889,29875
Tue Mar 29 13:20:15 2022,1560,1888,29875
Tue Mar 29 13:20:17 2022,1561,1889,29875
Tue Mar 29 13:20:18 2022,1562,1892,29875
Tue Mar 29 13:20:20 2022,1563,1887,29875
Tue Mar 29 13:20:22 2022,1564,1891,29875
Tue Mar 29 13:20:24 2022,1565,1894,29875
Tue Mar 29 13:20:26 2022,1566,1888,29875
Tue Mar 29 13:20:27 2022,1567,1889,29875
Tue Mar 29 13:20:29 2022,1568,1894,29875
Tue Mar 29 13:20:31 2022,1569,1888,29875
Tue Mar 29 13:20:33 2022,1570,1890,29875
Tue Mar 29 13:20:35 2022,1571,1892,29875
Tue Mar 29 13:20:37 2022,1572,1888,29875
Tue Mar 29 13:20:38 2022,1573,1889,29875
Tue Mar 29 13:20:40 2022,1574,1893,29875
Tue Mar 29 13:20:42 2022,1575,1887,29875
Tue Mar 29 13:20:44 2022,1576,1888,29875
Tue Mar 29 13:20:46 2022,1577,1892,29875
Tue Mar 29 13:20:48 2022,1578,1888,29875
Tue Mar 29 13:20:49 2022,1579,1889,29875
Tue Mar 29 13:20:51 2022,1580,1890,29875
Tue Mar 29 13:20:53 2022,1581,1887,29875
Tue Mar 29 13:20:55 2022,1582,1888,29875
Tue Mar 29 13:20:57 2022,1583,1889,29875
Tue Mar 29 13:20:58 2022,1584,1884,29875
Tue Mar 29 13:21:00 2022,1585,1891,29875
Tue Mar 29 13:21:02 2022,1586,1889,29875
Tue Mar 29 13:21:04 2022,1587,1879,29875
Tue Mar 29 13:21:06 2022,1588,1895,29875
Tue Mar 29 13:21:08 2022,1589,1889,29875
Tue Mar 29 13:21:09 2022,1590,1888,29875
Tue Mar 29 13:21:11 2022,1591,1894,29875
Tue Mar 29 13:21:13 2022,1592,1885,29875
Tue Mar 29 13:21:15 2022,1593,1889,29875
Tue Mar 29 13:21:17 2022,1594,1888,29875
Tue Mar 29 13:21:19 2022,1595,1878,29875
Tue Mar 29 13:21:20 2022,1596,1896,29875
Tue Mar 29 13:21:22 2022,1597,1888,29875
Tue Mar 29 13:21:24 2022,1598,1888,29875
Tue Mar 29 13:21:26 2022,1599,1888,29875
Tue Mar 29 13:21:28 2022,1600,1877,29875
Tue Mar 29 13:21:29 2022,1601,1895,29875
Tue Mar 29 13:21:31 2022,1602,1889,29875
Tue Mar 29 13:21:33 2022,1603,1889,29875
Tue Mar 29 13:21:35 2022,1604,1889,29875
Tue Mar 29 13:21:37 2022,1605,1879,29875
Tue Mar 29 13:21:39 2022,1606,1896,29875
Tue Mar 29 13:21:40 2022,1607,1888,29875
Tue Mar 29 13:21:42 2022,1608,1889,29875
Tue Mar 29 13:21:44 2022,1609,1888,29875
Tue Mar 29 13:21:46 2022,1610,1877,29875
Tue Mar 29 13:21:48 2022,1611,1894,29875
Tue Mar 29 13:21:50 2022,1612,1886,29875
Tue Mar 29 13:21:51 2022,1613,1891,29875
Tue Mar 29 13:21:53 2022,1614,1890,29875
Tue Mar 29 13:21:55 2022,1615,1887,29875
Tue Mar 29 13:21:57 2022,1616,1892,29875
Tue Mar 29 13:21:59 2022,1617,1884,29875
Tue Mar 29 13:22:00 2022,1618,1891,29875
Tue Mar 29 13:22:02 2022,1619,1888,29875
Tue Mar 29 13:22:04 2022,1620,1889,29875
Tue Mar 29 13:22:06 2022,1621,1889,29875
Tue Mar 29 13:22:08 2022,1622,1880,29875
Tue Mar 29 13:22:10 2022,1623,1893,29875
Tue Mar 29 13:22:11 2022,1624,1889,29875
Tue Mar 29 13:22:13 2022,1625,1887,29875
Tue Mar 29 13:22:15 2022,1626,1889,29875
Tue Mar 29 13:22:17 2022,1627,1888,29875
Tue Mar 29 13:22:19 2022,1628,1890,29875
Tue Mar 29 13:22:21 2022,1629,1880,29875
Tue Mar 29 13:22:22 2022,1630,1897,29875
Tue Mar 29 13:22:24 2022,1631,1888,29875
Tue Mar 29 13:22:26 2022,1632,1891,29875
Tue Mar 29 13:22:28 2022,1633,1888,29875
Tue Mar 29 13:22:30 2022,1634,1888,29875
Tue Mar 29 13:22:32 2022,1635,1888,29875
Tue Mar 29 13:22:33 2022,1636,1888,29875
Tue Mar 29 13:22:35 2022,1637,1892,29875
Tue Mar 29 13:22:37 2022,1638,1889,29875
Tue Mar 29 13:22:39 2022,1639,1892,29875
Tue Mar 29 13:22:41 2022,1640,1882,29875
Tue Mar 29 13:22:42 2022,1641,1893,29875
Tue Mar 29 13:22:44 2022,1642,1886,29875
Tue Mar 29 13:22:46 2022,1643,1891,29875
Tue Mar 29 13:22:48 2022,1644,1889,29875
Tue Mar 29 13:22:50 2022,1645,1889,29875
Tue Mar 29 13:22:52 2022,1646,1888,29875
Tue Mar 29 13:22:53 2022,1647,1889,29875
Tue Mar 29 13:22:55 2022,1648,1888,29875
Tue Mar 29 13:22:57 2022,1649,1889,29875
Tue Mar 29 13:22:59 2022,1650,1892,29875
Tue Mar 29 13:23:01 2022,1651,1877,29875
Tue Mar 29 13:23:03 2022,1652,1893,29875
Tue Mar 29 13:23:04 2022,1653,1885,29875
Tue Mar 29 13:23:06 2022,1654,1894,29875
Tue Mar 29 13:23:08 2022,1655,1889,29875
Tue Mar 29 13:23:10 2022,1656,1891,29875
Tue Mar 29 13:23:12 2022,1657,1890,29875
Tue Mar 29 13:23:13 2022,1658,1887,29875
Tue Mar 29 13:23:15 2022,1659,1887,29875
Tue Mar 29 13:23:17 2022,1660,1888,29875
Tue Mar 29 13:23:19 2022,1661,1889,29875
Tue Mar 29 13:23:21 2022,1662,1888,29812
Tue Mar 29 13:23:23 2022,1663,1889,29875
Tue Mar 29 13:23:24 2022,1664,1887,29812
Tue Mar 29 13:23:26 2022,1665,1888,29875
Tue Mar 29 13:23:28 2022,1666,1890,29875
Tue Mar 29 13:23:30 2022,1667,1888,29812
Tue Mar 29 13:23:32 2022,1668,1878,29812
Tue Mar 29 13:23:34 2022,1669,1892,29812
Tue Mar 29 13:23:35 2022,1670,1880,29812
Tue Mar 29 13:23:37 2022,1671,1895,29812
Tue Mar 29 13:23:39 2022,1672,1880,29812
Tue Mar 29 13:23:41 2022,1673,1894,29812
Tue Mar 29 13:23:43 2022,1674,1880,29812
Tue Mar 29 13:23:44 2022,1675,1894,29875
Tue Mar 29 13:23:47 2022,1676,1888,29875
Tue Mar 29 13:23:49 2022,1677,1887,29812
Tue Mar 29 13:23:51 2022,1678,1890,29812
Tue Mar 29 13:23:53 2022,1679,1887,29875
Tue Mar 29 13:23:54 2022,1680,1891,29812
Tue Mar 29 13:23:56 2022,1681,1887,29875
Tue Mar 29 13:23:58 2022,1682,1894,29875
Tue Mar 29 13:24:00 2022,1683,1884,29812
Tue Mar 29 13:24:02 2022,1684,1894,29875
Tue Mar 29 13:24:04 2022,1685,1879,29812
Tue Mar 29 13:24:05 2022,1686,1892,29812
Tue Mar 29 13:24:07 2022,1687,1888,29875
Tue Mar 29 13:24:09 2022,1688,1887,29812
Tue Mar 29 13:24:11 2022,1689,1888,29812
Tue Mar 29 13:24:13 2022,1690,1888,29812
Tue Mar 29 13:24:14 2022,1691,1888,29812
Tue Mar 29 13:24:16 2022,1692,1889,29812
Tue Mar 29 13:24:18 2022,1693,1892,29812
Tue Mar 29 13:24:20 2022,1694,1887,29812
Tue Mar 29 13:24:22 2022,1695,1896,29812
Tue Mar 29 13:24:24 2022,1696,1882,29812
Tue Mar 29 13:24:25 2022,1697,1892,29812
Tue Mar 29 13:24:27 2022,1698,1889,29812
Tue Mar 29 13:24:29 2022,1699,1889,29812
Tue Mar 29 13:24:31 2022,1700,1888,29812
Tue Mar 29 13:24:33 2022,1701,1888,29812
Tue Mar 29 13:24:35 2022,1702,1889,29875
Tue Mar 29 13:24:36 2022,1703,1887,29812
Tue Mar 29 13:24:38 2022,1704,1894,29812
Tue Mar 29 13:24:40 2022,1705,1882,29812
Tue Mar 29 13:24:42 2022,1706,1893,29812
Tue Mar 29 13:24:44 2022,1707,1887,29812
Tue Mar 29 13:24:45 2022,1708,1887,29812
Tue Mar 29 13:24:47 2022,1709,1888,29875
Tue Mar 29 13:24:49 2022,1710,1889,29812
Tue Mar 29 13:24:51 2022,1711,1888,29812
Tue Mar 29 13:24:53 2022,1712,1889,29812
Tue Mar 29 13:24:55 2022,1713,1887,29812
Tue Mar 29 13:24:56 2022,1714,1889,29875
Tue Mar 29 13:24:58 2022,1715,1888,29812
Tue Mar 29 13:25:00 2022,1716,1887,29812
Tue Mar 29 13:25:02 2022,1717,1889,29812
Tue Mar 29 13:25:04 2022,1718,1888,29812
Tue Mar 29 13:25:06 2022,1719,1890,29812
Tue Mar 29 13:25:07 2022,1720,1887,29812
Tue Mar 29 13:25:09 2022,1721,1889,29812
Tue Mar 29 13:25:11 2022,1722,1888,29812
Tue Mar 29 13:25:13 2022,1723,1888,29875
Tue Mar 29 13:25:15 2022,1724,1889,29812
Tue Mar 29 13:25:16 2022,1725,1888,29812
Tue Mar 29 13:25:18 2022,1726,1888,29812
Tue Mar 29 13:25:20 2022,1727,1888,29812
Tue Mar 29 13:25:22 2022,1728,1889,29812
Tue Mar 29 13:25:24 2022,1729,1888,29812
Tue Mar 29 13:25:26 2022,1730,1888,29812
Tue Mar 29 13:25:27 2022,1731,1889,29812
Tue Mar 29 13:25:29 2022,1732,1889,29875
Tue Mar 29 13:25:31 2022,1733,1888,29812
Tue Mar 29 13:25:33 2022,1734,1889,29812
Tue Mar 29 13:25:35 2022,1735,1888,29875
Tue Mar 29 13:25:37 2022,1736,1889,29812
Tue Mar 29 13:25:38 2022,1737,1888,29875
Tue Mar 29 13:25:40 2022,1738,1887,29812
Tue Mar 29 13:25:42 2022,1739,1887,29812
Tue Mar 29 13:25:44 2022,1740,1888,29812
Tue Mar 29 13:25:46 2022,1741,1888,29875
Tue Mar 29 13:25:47 2022,1742,1888,29875
Tue Mar 29 13:25:49 2022,1743,1889,29812
Tue Mar 29 13:25:51 2022,1744,1889,29812
Tue Mar 29 13:25:53 2022,1745,1888,29875
Tue Mar 29 13:25:55 2022,1746,1888,29812
Tue Mar 29 13:25:57 2022,1747,1888,29875
Tue Mar 29 13:25:58 2022,1748,1888,29812
Tue Mar 29 13:26:00 2022,1749,1889,29875
Tue Mar 29 13:26:02 2022,1750,1889,29812
Tue Mar 29 13:26:04 2022,1751,1890,29875
Tue Mar 29 13:26:06 2022,1752,1887,29875
Tue Mar 29 13:26:08 2022,1753,1894,29812
Tue Mar 29 13:26:09 2022,1754,1885,29812
Tue Mar 29 13:26:11 2022,1755,1894,29812
Tue Mar 29 13:26:13 2022,1756,1877,29812
Tue Mar 29 13:26:15 2022,1757,1889,29812
Tue Mar 29 13:26:17 2022,1758,1888,29812
Tue Mar 29 13:26:18 2022,1759,1888,29812
Tue Mar 29 13:26:20 2022,1760,1888,29812
Tue Mar 29 13:26:22 2022,1761,1888,29812
Tue Mar 29 13:26:24 2022,1762,1891,29812
Tue Mar 29 13:26:26 2022,1763,1887,29812
Tue Mar 29 13:26:28 2022,1764,1895,29812
Tue Mar 29 13:26:29 2022,1765,1885,29812
Tue Mar 29 13:26:31 2022,1766,1894,29812
Tue Mar 29 13:26:33 2022,1767,1877,29812
Tue Mar 29 13:26:35 2022,1768,1888,29812
Tue Mar 29 13:26:37 2022,1769,1888,29812
Tue Mar 29 13:26:39 2022,1770,1887,29812
Tue Mar 29 13:26:40 2022,1771,1888,29812
Tue Mar 29 13:26:42 2022,1772,1889,29812
Tue Mar 29 13:26:44 2022,1773,1888,29812
Tue Mar 29 13:26:46 2022,1774,1888,29812
Tue Mar 29 13:26:48 2022,1775,1888,29812
Tue Mar 29 13:26:49 2022,1776,1889,29812
Tue Mar 29 13:26:51 2022,1777,1880,29812
Tue Mar 29 13:26:53 2022,1778,1896,29812
Tue Mar 29 13:26:55 2022,1779,1885,29812
Tue Mar 29 13:26:57 2022,1780,1891,29812
Tue Mar 29 13:26:59 2022,1781,1886,29812
Tue Mar 29 13:27:00 2022,1782,1887,29812
Tue Mar 29 13:27:02 2022,1783,1888,29812
Tue Mar 29 13:27:04 2022,1784,1888,29812
Tue Mar 29 13:27:06 2022,1785,1892,29812
Tue Mar 29 13:27:08 2022,1786,1881,29812
Tue Mar 29 13:27:10 2022,1787,1895,29812
Tue Mar 29 13:27:11 2022,1788,1887,29812
Tue Mar 29 13:27:13 2022,1789,1890,29812
Tue Mar 29 13:27:15 2022,1790,1888,29812
Tue Mar 29 13:27:17 2022,1791,1887,29875
Tue Mar 29 13:27:19 2022,1792,1887,29812
Tue Mar 29 13:27:20 2022,1793,1889,29812
Tue Mar 29 13:27:22 2022,1794,1892,29812
Tue Mar 29 13:27:24 2022,1795,1879,29812
Tue Mar 29 13:27:26 2022,1796,1894,29812
Tue Mar 29 13:27:28 2022,1797,1888,29812
Tue Mar 29 13:27:30 2022,1798,1892,29812
Tue Mar 29 13:27:31 2022,1799,1887,29812
Tue Mar 29 13:27:33 2022,1800,1887,29812
Tue Mar 29 13:27:35 2022,1801,1888,29812
Tue Mar 29 13:27:37 2022,1802,1888,29812
Tue Mar 29 13:27:39 2022,1803,1887,29812
Tue Mar 29 13:27:41 2022,1804,1888,29812
Tue Mar 29 13:27:42 2022,1805,1892,29812
Tue Mar 29 13:27:44 2022,1806,1880,29812
Tue Mar 29 13:27:46 2022,1807,1893,29812
Tue Mar 29 13:27:48 2022,1808,1884,29812
Tue Mar 29 13:27:50 2022,1809,1894,29812
Tue Mar 29 13:27:52 2022,1810,1887,29812
Tue Mar 29 13:27:53 2022,1811,1892,29812
Tue Mar 29 13:27:55 2022,1812,1888,29812
Tue Mar 29 13:27:57 2022,1813,1887,29812
Tue Mar 29 13:27:59 2022,1814,1888,29812
Tue Mar 29 13:28:01 2022,1815,1888,29812
Tue Mar 29 13:28:02 2022,1816,1888,29812
Tue Mar 29 13:28:04 2022,1817,1889,29812
Tue Mar 29 13:28:06 2022,1818,1888,29812
Tue Mar 29 13:28:08 2022,1819,1876,29812
Tue Mar 29 13:28:10 2022,1820,1892,29812
Tue Mar 29 13:28:12 2022,1821,1878,29812
Tue Mar 29 13:28:13 2022,1822,1893,29812
Tue Mar 29 13:28:15 2022,1823,1882,29812
Tue Mar 29 13:28:17 2022,1824,1894,29812
Tue Mar 29 13:28:19 2022,1825,1884,29812
Tue Mar 29 13:28:21 2022,1826,1894,29812
Tue Mar 29 13:28:23 2022,1827,1886,29812
Tue Mar 29 13:28:24 2022,1828,1893,29812
Tue Mar 29 13:28:26 2022,1829,1887,29812
Tue Mar 29 13:28:28 2022,1830,1891,29812
Tue Mar 29 13:28:30 2022,1831,1887,29812
Tue Mar 29 13:28:32 2022,1832,1889,29812
Tue Mar 29 13:28:33 2022,1833,1887,29812
Tue Mar 29 13:28:35 2022,1834,1892,29812
Tue Mar 29 13:28:37 2022,1835,1886,29812
Tue Mar 29 13:28:39 2022,1836,1890,29812
Tue Mar 29 13:28:41 2022,1837,1887,29812
Tue Mar 29 13:28:43 2022,1838,1892,29812
Tue Mar 29 13:28:44 2022,1839,1887,29812
Tue Mar 29 13:28:46 2022,1840,1891,29812
Tue Mar 29 13:28:48 2022,1841,1887,29812
Tue Mar 29 13:28:50 2022,1842,1890,29812
Tue Mar 29 13:28:52 2022,1843,1887,29812
Tue Mar 29 13:28:54 2022,1844,1892,29812
Tue Mar 29 13:28:55 2022,1845,1888,29812
Tue Mar 29 13:28:57 2022,1846,1891,29812
Tue Mar 29 13:28:59 2022,1847,1885,29812
Tue Mar 29 13:29:01 2022,1848,1895,29812
Tue Mar 29 13:29:03 2022,1849,1883,29812
Tue Mar 29 13:29:04 2022,1850,1893,29812
Tue Mar 29 13:29:06 2022,1851,1880,29812
Tue Mar 29 13:29:08 2022,1852,1891,29812
Tue Mar 29 13:29:10 2022,1853,1875,29812
Tue Mar 29 13:29:12 2022,1854,1887,29812
Tue Mar 29 13:29:14 2022,1855,1888,29812
Tue Mar 29 13:29:15 2022,1856,1887,29812
Tue Mar 29 13:29:17 2022,1857,1887,29812
Tue Mar 29 13:29:19 2022,1858,1887,29812
Tue Mar 29 13:29:21 2022,1859,1888,29812
Tue Mar 29 13:29:23 2022,1860,1888,29812
Tue Mar 29 13:29:25 2022,1861,1888,29812
Tue Mar 29 13:29:26 2022,1862,1887,29812
Tue Mar 29 13:29:28 2022,1863,1889,29812
Tue Mar 29 13:29:30 2022,1864,1887,29812
Tue Mar 29 13:29:32 2022,1865,1892,29812
Tue Mar 29 13:29:34 2022,1866,1888,29812
Tue Mar 29 13:29:35 2022,1867,1892,29812
Tue Mar 29 13:29:37 2022,1868,1886,29812
Tue Mar 29 13:29:39 2022,1869,1891,29812
Tue Mar 29 13:29:41 2022,1870,1886,29812
Tue Mar 29 13:29:43 2022,1871,1894,29812
Tue Mar 29 13:29:45 2022,1872,1885,29812
Tue Mar 29 13:29:46 2022,1873,1897,29812
Tue Mar 29 13:29:48 2022,1874,1885,29812
Tue Mar 29 13:29:50 2022,1875,1894,29812
Tue Mar 29 13:29:52 2022,1876,1884,29812
Tue Mar 29 13:29:54 2022,1877,1897,29812
Tue Mar 29 13:29:56 2022,1878,1887,29812
Tue Mar 29 13:29:57 2022,1879,1890,29812
